bhk,price,size,location
3,45,1500,CHRISTIAN BASTI
3,78.79,1751,LAL GANESH
2,31.5,750,BORAGAON
2,50,1100,BAGHARBARI
3,65.2,1630,BELTOLA
3,49.96,1249,AHOM GAON
4,64,1400,BAMUNIMAIDAM
2,40,900,KAHILIPARA
3,65,1300,BELTOLA
3,74.25,1650,SIX MILE
3,56.3,1320,KAHILIPARA
4,256,3425,REHABARI
1,32,660,SIX MILE
3,65,1300,LOKHRA
2,42.5,860,LAL GANESH
3,59.5,1150,KAHILIPARA
2,47,1023,BELTOLA
3,36,850,JYOTIKUCHI
3,66.73,1405,BAMUNIMAIDAM
3,51,1150,SARANIA HILLS
3,65,1300,SIX MILE
3,64,1030,GANESHGURI
3,65.2,1630,BELTOLA
2,34.44,861,AHOM GAON
4,77.5,1350,KAHILIPARA
2,43,1000,SACHAL PATH VIP ROAD BYLANE NUMBER 1
2,64.8,909,CHANDMARI
2,47,1150,NOONMATI
3,80,1380,ULUBARI
3,99,1990,DISPUR
3,73.68,1842,BELTOLA
3,45.56,1114,AHOM GAON
3,61.36,1180,BELTOLA
3,70,1444,SARUMOTORIA
3,66,1400,SOUTH SARANIA ROAD
3,65,1350,DOWNTOWN
4,65,1800,JATIA
3,92.95,1430,ATHGAON
2,31,849,DHARAPUR
3,72.5,1450,BAMUNIMAIDAM
2,53,1064,RADHA NAGAR
3,51.5,1264,BAMUNIMAIDAN
2,33,953,DHARAPUR
1,20,431,LOKHRA
3,45,1400,CHRISTIAN BASTI
2,43,1020,GHORAMARA
3,58.55,1050,CHANDMARI
4,72,1810,DHARAPUR
3,62.28,1450,DHARAPUR
4,126,1440,ZOO TINIALI
2,37,750,LOKHRA
3,55,1300,BORBARI
3,74,1453,SIX MILE
2,42.3,940,LAL GANESH
2,50,913,SARUMOTORIA
3,67.2,1400,RADHA NAGAR
3,75,1650,GANESHGURI
3,55,1242,BELTOLA
3,73.68,1842,BELTOLA
1,20,450,KAHILIPARA ROAD
3,71.35,1695,ULUBARI
4,91.53,2350,DHARAPUR
2,45.5,850,CHANDMARI
3,80.6,1550,ZOO ROAD
2,43,1050,KAHILIPARA
3,68,1450,GANESHGURI
3,54,1250,KAHILIPARA ROAD
3,40,932,DISPUR
2,40,950,DOWNTOWN
3,150,2000,BELTOLA
3,56.38,1170,KAHILIPARA
4,78.65,1958,AZARA
2,43,850,PATOR KUCHI
3,75,1105,GHORAMARA
2,38.4,960,BASISTHA
3,54,1200,KALA PAHAR
3,49.01,1181,LOKHRA
2,49.02,1043,SIX MILE
2,56.7,1134,DISPUR
2,48.38,1152,KAHILIPARA
1,22.05,630,AZARA
3,52.5,1250,LAL GANESH
3,79,1550,GANESHGURI
2,35,800,LAL GANESH
2,47,990,LALMATI
2,37,800,RUKMINI GAON
3,62,1170,KALA PAHAR
3,67,1200,REHABARI
3,66,1300,GHORAMARA
3,77,1350,MATHGHARIA
2,38,750,KAHILIPARA
3,75,1500,BASISTHA
3,71,1500,KHANAPARA
3,130,2050,BHANGAGARH
3,60,1350,CHANDMARI
3,63,1135,GEETANAGAR
3,95,1500,ZOO TINIALI
3,79,1565,ZOO TINIALI
3,57,1446,SARUSAJAI
1,32,790,BELTOLA
2,74.76,1246,BHETAPARA
3,89.04,1590,BHETAPARA
3,79,1550,NOONMATI
3,69.85,1117,CHANDMARI
3,56.58,981,ZOO TINIALI
2,50,1280,HATIGAON
1,32.5,660,SIX MILE
4,330,4300,SIX MILE
4,105,1778,SIX MILE
1,28,800,SIX MILE
3,75,1581,HATIGAON
3,52.48,1312,LOKHRA
2,63,1266,LAL GANESH
3,85,1400,SIX MILE
2,45,1000,SIX MILE
3,71,1490,LAL GANESH
3,85,1300,LALMATI
2,55,1200,CHANDMARI
2,65,1000,CHRISTIAN BASTI
3,65,1500,GHORAMARA
3,50,1250,LOKHRA
2,51.99,1050,REHABARI
3,52.84,983,MALIGAON
2,56.16,1248,LACHIT NAGAR
3,72.81,1583,HENGRABARI
2,43.04,1001,NAYANPUR
2,51.6,1200,HENGRABARI
2,54,1200,SARUSAJAI
2,50.71,1127,SARANIA HILLS
3,47.2,1180,GHORAMARA
1,30.8,700,SIX MILE
2,40.96,1024,KAHILIPARA
1,33,650,BHETAPARA
2,55,1200,LACHIT NAGAR
2,48,950,GHORAMARA
4,196,3200,BHANGAGARH
3,135,1792,ZOO TINIALI
3,64,1510,MATHGHARIA
3,51.97,1155,HENGRABARI
2,43.2,950,BASISTHA
3,145,2050,REHABARI
2,46,1000,BHANGAGARH
2,65,1288,SARANIA HILLS
2,37,950,AHOM GAON
3,65,1150,SIX MILE
3,57,1108,LOKHRA
3,48,1150,KAHILIPARA
3,52,1330,LOKHRA
3,70,1300,CHRISTIAN BASTI
3,90,1650,NARENGI TINALI
2,42,1050,ULUBARI
3,63,1045,SATGAON
3,55,1170,LALMATI
2,45,1000,LALMATI
3,65,1388,BHETAPARA
3,60,1400,BELTOLA
3,85.98,1400,BELTOLA
2,32,700,DISPUR
2,49.5,1100,GEETANAGAR
3,68.83,1147,BELTOLA
3,51.87,1365,JALUKBARI
3,60.65,1213,ZOO TINIALI
3,62.1,1380,KAHILIPARA
3,58.35,1191,KALA PAHAR
2,53.74,1014,CHANDMARI
2,42.75,900,BARSAPARA
3,61.57,1310,CHANDMARI
3,42.64,1040,JALUKBARI
3,61.2,1360,LAL GANESH
1,20.25,450,LAL GANESH
2,49.04,1001,REHABARI
3,55.9,1300,REHABARI
4,117,2345,KAHILIPARA
3,147,1965,DISPUR
4,297,3970,DISPUR
3,81.6,1360,RADHA NAGAR
6,210,5184,PANJABARI ROAD
2,53.1,1180,PANJABARI ROAD
2,51.97,1155,PANJABARI ROAD
2,80.6,1240,SARUSAJAI
3,57.5,1250,JALUKBARI
3,57.5,1250,JALUKBARI
3,54.28,1180,JALUKBARI
3,51.75,1150,RUKMINI GAON
3,76.25,1650,PANJABARI ROAD
2,43,1150,BHETAPARA
3,121,1580,LOKHRA
3,55.13,1137,BELTOLA
2,48.14,1003,REHABARI
2,35,953,DHARAPUR
3,48,1250,KAHILIPARA
2,50,1057,KAHILIPARA
3,80,1210,DHARAPUR
3,71,1200,BELTOLA
4,90,2250,DISPUR
3,58,1300,KAHILIPARA ROAD
3,60,1300,KAHILIPARA ROAD
3,49,1355,KAHILIPARA
3,45,1355,KAHILIPARA
2,52,1000,ADABARI
2,66.02,1179,GS ROAD
3,82.6,1475,GS ROAD
3,65.37,1391,SIX MILE
3,64.86,1380,BHETAPARA
2,59.7,995,VIP ROAD
2,40.59,990,GARCHUK
1,24.75,450,JALUKBARI
3,87.05,1741,SIX MILE
3,65.61,1458,SIX MILE
3,54.4,1360,GARCHUK
2,66.37,1475,JAYANAGAR
2,52.8,1100,DOWNTOWN
2,56.4,1200,CHANDMARI
3,98.46,1641,KAHILIPARA
2,46.06,940,JAYANAGAR
4,117,2345,KAHILIPARA
2,64.6,1292,RUKMINI GAON
2,39.1,850,BELTOLA
4,126,2800,KAHILIPARA
3,63.98,1391,SIX MILE
2,39.1,850,BELTOLA
4,126,2800,KAHILIPARA
3,63.98,1391,SIX MILE
3,51.17,1147,GARCHUK
2,43.71,965,GARCHUK
3,49.16,1098,GARCHUK
3,53.47,1203,GARCHUK
3,50.27,1125,GARCHUK
3,46,1385,KALYANI SAGAR PATH
3,74,1698,KAHILIPARA
3,43,1212,VIP ROAD
3,45,1212,RADHA NAGAR
3,63.36,1408,VIP ROAD
3,43.51,1176,PANJABARI ROAD
2,46.55,1058,HATIGAON
2,36,900,BHETAPARA
3,77.5,1550,VIP ROAD
2,42.57,990,SIX MILE
2,39.23,853,JALUKBARI
3,69.43,1310,DOWNTOWN
3,64.13,1210,DOWNTOWN
3,58.95,1310,KAHILIPARA
3,58.95,1310,KAHILIPARA
3,58.5,1300,KAHILIPARA
3,77.91,1590,SIX MILE
2,44.1,900,ADABARI
3,90,1500,DIGHALIPUKHURI
3,54.45,1210,KAHILIPARA
3,54,1200,KAHILIPARA
3,60,1300,KAHILIPARA ROAD
3,57.2,1300,BAMUNIMAIDAM
3,45.75,1250,KERAKUCHI
2,49.8,1200,SAWKUCHI
2,36.31,995,KERAKUCHI
3,55.76,1360,AHOM GAON
3,46,1260,AHOM GAON
2,38,1050,AHOM GAON
3,115,2100,KAHILIPARA
3,55.61,1264,BAMUNIMAIDAM
1,31.6,800,SIX MILE
2,55,1050,DISPUR
3,98.53,1670,BELTOLA
3,97.35,1650,BELTOLA
3,60.95,1150,DOWNTOWN
3,79,1580,LOKHRA
4,119,2300,PANJABARI ROAD
4,145,2350,RADHA NAGAR
2,62.5,1250,SIX MILE
3,117,1563,JAYANAGAR
3,51.6,1200,ZOO ROAD
3,44.73,1209,PANJABARI ROAD
2,52.8,1100,DOWNTOWN
3,72,1300,HATIGAON
3,67.5,1350,KAHILIPARA
2,39.23,853,JALUKBARI
2,42.57,990,SIX MILE
3,61.87,1375,SIX MILE
3,78.1,1502,HATIGAON
3,62.1,1350,HATIGAON
3,51.15,1044,VIP ROAD
3,67.2,1200,CHRISTIAN BASTI
3,110,2014,ABC GALI
3,59.85,1151,LACHIT NAGAR
3,67.44,1297,LACHIT NAGAR
3,74.1,1425,LACHIT NAGAR
2,45.4,1056,KAHILIPARA
1,23.4,450,LAL GANESH
2,66.37,1475,JAYANAGAR
3,75.21,1433,BELTOLA
2,59.73,1117,BELTOLA
2,58,1160,SIX MILE
2,66.37,1475,JAYANAGAR
2,39.11,1003,SIX MILE
4,103,2285,BELTOLA
4,81.3,1840,DISPUR
3,45.38,948,DHARAPUR
3,65.85,1400,DHARAPUR
3,51.43,778,DHARAPUR
3,61.53,1323,DHARAPUR
3,38.53,948,DHARAPUR
3,41.53,932,DISPUR
3,55.3,1400,DHARAPUR
3,71.53,1560,REHABARI
4,74.56,1958,AZARA
3,65.4,1690,DISPUR
3,74,1770,BELTOLA
3,61.35,1321,BELTOLA
4,86.56,2200,REHABARI
3,81.28,1950,KAHILIPARA
3,76.86,1695,ULUBARI
3,91.8,1985,BELTOLA
3,73.53,1337,AZARA
3,105,1340,TARUN NAGAR
4,84.55,1948,DHARAPUR
4,81,1685,NOONMATI
3,47,913,DHARAPUR
3,78,1560,SIX MILE
2,42.3,940,JAYANAGAR
3,50.87,1375,PANJABARI ROAD
3,56.35,1150,PANJABARI BUS STAND
3,56.02,1245,JAYANAGAR
3,51.75,1150,BELTOLA
2,57,1150,GS ROAD
3,49.37,1250,HATIGAON
3,85.3,1741,SIX MILE
3,60,1300,KHANAPARA
2,50,1015,SOUTH SARANIA ROAD
3,85.3,1741,SIX MILE
4,138,2300,ZOO ROAD
3,61,1300,BELTOLA
2,36,950,SACHAL PATH VIP ROAD BYLANE NUMBER 1
1,11,300,JAYANAGAR
3,57,1250,DHARAPUR
3,81.92,1463,REHABARI
1,22,550,BEHARBARI CHARIALI
3,55,1300,BAMUNIMAIDAN
2,42.6,880,BAMUNIMAIDAM
3,80,1450,BELTOLA
3,58,1450,KAMAKHYA
3,70,1350,BELTOLA
2,68,1250,UZAN BAZAR
3,46,1250,CHACHAL ROAD
3,72,1650,GANESHGURI
1,23,523,DHARAPUR
2,45,1080,REHABARI
3,51,1330,BHETAPARA GHORAMARA ROAD
4,130,2269,TARUN NAGAR
3,64.49,1424,DISPUR
2,36,942,KAHILIPARA
3,49,1470,DISPUR
2,12,540,MALIGAON
3,57,1120,BHETAPARA
4,95.5,1988,KAHILIPARA
2,49.8,994,KAHILIPARA
2,52.3,1028,KAHILIPARA
3,68.1,1393,KAHILIPARA
3,70.7,1437,KAHILIPARA
4,95.5,1988,KAHILIPARA
3,45,950,SIX MILE
2,71,1246,BHETAPARA
3,65,1200,JALUKBARI
3,61,1100,LACHIT NAGAR
3,50,1100,KAHILIPARA
3,64,1001,BETKUCHI
3,85.8,1240,SIX MILE
3,50.1,884,KALA PAHAR
2,35.4,772,KALA PAHAR
2,52.4,1140,LOKHRA
2,40.5,660,LALMATI
3,54.8,808,BETKUCHI
3,98,1681,KAHILIPARA
2,43,652,MALIGAON
3,58,1000,BELTOLA
3,70,1365,RUKMINI GAON
2,35,800,SIJUBARI
2,37,900,BHETAPARA
2,49.5,800,AZARA
2,42.5,638,AHOM GAON
3,70,1700,KAHILIPARA
3,90.7,1003,REHABARI
3,59,1404,KAHILIPARA
2,58.6,832,BELTOLA
2,58.6,832,BELTOLA
2,58.7,832,BELTOLA
2,58.7,832,BELTOLA
3,73.4,1061,BELTOLA
2,50,720,BHANGAGARH
3,64.1,1338,PANJABARI
3,67.1,1408,PANJABARI
3,69.2,1455,PANJABARI
3,39.4,1013,AZARA
2,54,970,SOUTH SARANIA
3,100,1604,RUPNAGAR
3,58.2,1200,PANJABARI
3,59,1219,PANJABARI
3,60.4,1251,PANJABARI
3,60.7,1257,PANJABARI
3,82.2,1597,KHANAPARA
2,38.1,1002,LOKHRA
4,115,1288,CHANDMARI
3,59.1,1001,BETKUCHI
2,40,1095,GUWAHATI
2,36,675,JALUKBARI
3,98.3,1369,ZOO TINIALI
3,78,1200,MATHGHARIA
3,60.9,1262,PANJABARI
3,61.2,1269,PANJABARI
3,61.2,1270,PANJABARI
3,55,845,LOKHRA
3,61.4,1275,PANJABARI
3,62,1289,PANJABARI
3,98,1329,BELTOLA
3,67.8,1423,PANJABARI
3,69.5,1462,PANJABARI
3,6,1070,DHIRENPARA
2,45,800,PALTAN BAZAAR
3,55.5,762,JALUKBARI
2,66.4,780,UZAN BAZAR
2,1,900,AZARA
3,56.5,1078,BARSAPARA
3,150,2135,ZOO TINIALI
2,40,755,SURVEY
3,49.9,1147,GARCHUK
2,46.4,815,BORAGAON
3,69,1080,BELTOLA
3,70,1100,RUKMINI GAON
2,55,950,RUKMINI GAON
3,52.4,1011,KAHILIPARA
3,60,1350,SIX MILE
3,48,1140,GEETANAGAR
2,41,900,LOKHRA
3,55,1327,GUWAHATI
3,84.6,1410,NARENGI TINALI
2,35.5,642,DHIRENPARA
3,55,1100,DOWNTOWN
3,58,1150,DOWNTOWN
2,44,750,DOWNTOWN
3,60.5,1260,LAL GANESH
3,63,1150,CHANDMARI
3,52.1,851,JALUKBARI
3,95,1350,BELTOLA
2,50,1000,BELTOLA
3,65,1000,JAYANAGAR
3,70,1048,DOWNTOWN
3,65,1013,BETKUCHI
3,93,2000,PANJABARI
2,57.3,1138,NALAPARA
3,92,1450,PANJABARI
3,72,1131,LOKHRA ROAD
2,48.4,1029,KAHILIPARA
3,77.9,1320,BHANGAGARH
3,64.8,1222,LOKHRA ROAD
3,73.5,1362,LOKHRA ROAD
3,63.6,1325,AZARA
2,53.3,1006,LOKHRA ROAD
2,55,1037,LOKHRA ROAD
3,49,1150,RUKMINI GAON
2,41.9,556,JALUKBARI
3,76.9,1040,MANPARA
3,95,1533,GUWAHATI
3,67,1000,REHABARI
3,65,1375,HENGRABARI
2,38,900,LOKHRA
2,35,690,SIX MILE
3,70,1150,HATIGAON
2,43.6,660,GHORAMARA
3,50.4,1335,AZARA
2,44.9,998,BELTOLA
2,50.7,1127,BELTOLA
2,44.9,997,BELTOLA
2,43,956,BELTOLA
3,59.8,1329,BELTOLA
3,73,1623,BELTOLA
3,72.1,1602,BELTOLA
4,95.6,2124,BELTOLA
2,45.1,943,HATIGAON
3,70,1100,GANESHGURI
3,70,1069,NALAPARA
2,39.5,749,GARCHUK
3,75,1250,SILPUKHURI
3,63.2,1465,PANJABARI
4,98.3,1695,SILPUKHURI
3,60,1290,PANDU
2,59.8,1031,KAHILIPARA
3,50.5,1402,LOKHRA
3,56,1150,SUNDARBARI
1,35,600,ZOO TINIALI
2,37.2,826,KAHILIPARA
2,34.2,950,LOKHRA
2,43.8,715,LALMATI
3,56.3,1050,KAHILIPARA
3,64.9,983,HATIGAON
3,48.5,1050,GUWAHATI
3,85.5,1500,BHETAPARA
1,25,300,BHETAPARA
3,74.6,1500,VIP ROAD
3,65,900,VIP ROAD
2,38.4,765,JALUKBARI
2,59,1015,KAHILIPARA
3,43.9,865,JALUKBARI
3,117,2395,JALUKBARI
1,27.9,575,JALUKBARI
2,41.4,830,JALUKBARI
2,54,718,LAL GANESH
3,60,1150,BHETAPARA
2,40,1095,MALIGAON
2,55,1050,GHORAMARA
2,38,703,DHARAPUR
3,47.2,852,DHIRENPARA
2,36.2,545,NOONMATI
3,45.3,696,NOONMATI
3,53,900,VIP ROAD
3,107,960,REHABARI
4,115,1288,CHANDMARI
4,138,1184,REHABARI
3,56.6,1300,ZOO ROAD
2,40,700,KAHILIPARA
3,65,1080,CHANDAN NAGAR
2,42,700,SURVEY
2,41,800,LALMATI
3,50.5,750,LANKESHWAR
3,49,1000,JALUKBARI
2,42,965,GARCHUK
3,66.2,893,KHANAPARA
3,52.4,1204,GARCHUK
3,72.4,1540,KAHILIPARA
2,47,970,PATHAR QUARRY
3,47.8,1098,GARCHUK
3,70,1355,SIX MILE
3,50,1100,BEHARBARI CHARIALI
3,107,958,REHABARI
3,109,1222,CHANDMARI
4,118,1322,CHANDMARI
3,73.8,1539,KAHILIPARA
4,138,1186,REHABARI
2,42.4,738,JALUKBARI
3,59.6,950,DHIRENPARA
3,48,1000,LALMATI
2,33,900,BELTOLA
3,54.5,1213,VIP ROAD
3,41.5,885,JALUKBARI
2,51.1,1090,JALUKBARI
3,66.5,1311,PANJABARI
3,63.1,1314,PANJABARI
3,63.3,1319,PANJABARI
3,53.9,1217,LOKHRA
3,65,1000,ULUBARI
3,120,1360,BELTOLA
3,103,1552,ATHGAON
3,43,1205,GUWAHATI
3,51.6,740,GARCHUK
3,53,1100,BAGHARBARI
1,21,262,KAHIKUCHI
2,39.1,600,GARCHUK
3,60,1350,JATIA
4,128,2170,BHANGAGARH
2,49.4,772,BELTOLA
4,114,2378,BELTOLA
3,66.3,983,BELTOLA
3,120,1360,BELTOLA
3,78,1558,BHETAPARA
3,95,880,KAHILPARA
3,60,805,HATIGAON
3,61,834,HATIGAON
3,60.8,1413,SOUTH SARANIA
3,65.7,1313,KAHILIPARA
3,66,965,BELTOLA
3,84,1300,NARIKAL BARI
1,25,700,LAL GANESH
3,60.5,1050,BHETAPARA
3,56.2,1000,BHETAPARA
3,41.8,1099,GARCHUK
3,41.6,1095,GARCHUK
3,43.6,1147,GARCHUK
3,44.7,1175,GARCHUK
3,45.3,1191,GARCHUK
3,48.3,1270,GARCHUK
2,32.6,858,GARCHUK
3,41.8,1099,GARCHUK
3,41.6,1095,GARCHUK
3,43.6,1147,GARCHUK
2,38.2,812,LAL GANESH
2,32.6,858,GARCHUK
2,46.6,1083,LAL GANESH
3,45,900,BELTOLA
2,59,1080,ZOO ROAD
3,38,700,HENGRABARI
3,44.7,1175,GARCHUK
3,45.3,1191,GARCHUK
3,48.3,1270,GARCHUK
3,46.4,1220,GARCHUK
3,64,930,DISPUR
3,46.4,1220,GARCHUK
3,60,900,MALIGAON
2,37.6,799,LAL GANESH
2,46,1096,JATIA
3,76.1,1384,BIRUBARI
3,67,1100,BHETAPARA
3,60,1200,GHORAMARA
3,80,1350,SOUTH SARANIA
3,57.8,1193,KHANAPARA
2,30,1000,KAHILIPARA
1,30.4,456,JALUKBARI
2,46,741,JALUKBARI
2,32,1000,KAHILIPARA
3,87,1250,BELTOLA
2,50,900,RUKMINI GAON
3,51,1280,SIX MILE
2,38.3,850,GANDHI BASTI
2,46.8,1040,GANDHI BASTI
2,38.3,850,GANDHI BASTI
2,46.9,1040,GANDHI BASTI
3,58,890,BETKUCHI
2,46.9,1040,GANDHI BASTI
3,56.3,1250,GANDHI BASTI
3,56.3,1250,GANDHI BASTI
3,56.4,1250,GANDHI BASTI
2,51.5,900,SOUTH SARANIA
3,47.6,1252,LOKHRA
2,39.4,633,BETKUCHI
3,74.6,1080,BELTOLA
3,74.6,1080,BELTOLA
3,74.7,1080,BELTOLA
3,73.3,1061,BELTOLA
3,73.3,1061,BELTOLA
3,73.4,1061,BELTOLA
3,48,1063,MALIGAON
3,58,1000,PANJABARI
2,40,750,KAHILIPARA
3,62,1309,PANJABARI
3,78.2,942,ZOO ROAD
2,45,880,KAHILIPARA
2,59.9,1033,KAHILIPARA
3,35,913,KAHIKUCHI
3,70,1200,PANJABARI
4,142,1205,REHABARI
2,50,950,SURVEY
1,21.8,574,LOKHRA
2,54,850,NARENGI TINALI
3,55,1223,JATIA
2,47,660,JATIA
4,144,1196,REHABARI
2,33.2,591,GARCHUK
3,90.8,1211,REHABARI
2,125,1600,KHARGHULI HILLS
2,47,1023,BAMUNIMAIDAM
2,44.3,705,DHIRENPARA
3,64.6,933,JATIA
2,39.7,1045,LOKHRA
3,53.8,1250,LOKHRA
3,62.9,1309,PANJABARI
3,63,1311,PANJABARI
3,63.6,1326,PANJABARI
2,55,900,BELTOLA
3,63,1340,GUWAHATI
3,56,1340,PANJABARI
3,92,1463,BHETAPARA
2,43,831,MALIGAON
2,43.8,633,BETKUCHI
3,86.7,1564,GEETANAGAR
2,50,1000,HATIGAON
3,49.2,886,SATGAON
3,70.8,1361,LALMATI
3,60,1395,LOKHRA
3,82.7,1036,GS ROAD
5,105,1815,ULUBARI
2,50,1050,BELTOLA
2,37.4,675,SATGAON
3,44,761,KALA PAHAR
2,35,610,KALA PAHAR
2,52.1,717,JALUKBARI
1,20,398,AZARA
3,48.4,750,JALUKBARI
3,59.8,1390,LOKHRA
3,70,1456,LOKHRA ROAD
3,64.9,1248,LALMATI
3,149,1985,BELTOLA
3,69.4,1351,KHANAPARA
3,65,1250,BELTOLA
3,74.3,1000,BELTOLA
2,32,850,JALUKBARI
2,35.6,850,JALUKBARI
2,30,780,JALUKBARI
2,33.6,780,JALUKBARI
2,31,821,JALUKBARI
2,34.6,821,JALUKBARI
3,38,990,JALUKBARI
3,41.6,990,JALUKBARI
3,39,1021,JALUKBARI
3,42.6,1021,JALUKBARI
3,40,1050,JALUKBARI
3,43.6,1050,JALUKBARI
3,77,878,BIRUBARI
3,75,1200,VIP ROAD
3,60,1246,BHETAPARA
3,53.6,645,JALUKBARI
2,47,1100,VIP ROAD
3,54,836,KHANAPARA
2,60,1000,REHABARI
3,50,1350,JATIA
1,22,455,LAL GANESH
2,55,1106,CHRISTIAN BASTI
2,39.9,708,LAL GANESH
3,74.4,1370,BELTOLA
3,57.8,1194,KHANAPARA
3,68.3,1250,BELTOLA
2,48,1005,TARUN NAGAR
3,72,967,KAHILIPARA
2,52.5,722,KAHILIPARA
2,52,700,KAHILIPARA
3,50.9,1084,LAL GANESH
3,80.9,1394,SILPUKHURI
3,70,1500,PANJABARI
2,40,968,GUWAHATI
2,45,950,KAHILIPARA
2,58,1106,ULUBARI
2,57.8,721,KAHILPARA
2,40,559,AZARA
3,53,1238,BAGHARBARI
3,40,645,AZARA
3,48.7,725,LOKHRA
3,40,805,JALUKBARI
2,34,800,AZARA
3,57.4,899,AHOM GAON
2,36,723,JYOTIKUCHI
2,46.5,778,JALUKBARI
3,56,885,BAGHARBARI
2,40,622,KHANAPARA
3,80,1200,GUWAHATI
2,38,750,KAHILIPARA
3,57.3,902,BAGHARBARI
2,50,750,BAGHARBARI
2,36.2,812,KHARGHULI HILLS
2,36.3,812,KHARGHULI HILLS
2,36.3,812,KHARGHULI HILLS
3,60,1105,LOKHRA ROAD
3,70.3,910,BELTOLA
3,45.3,1028,KHARGHULI HILLS
3,46.7,1036,KHARGHULI HILLS
3,45.4,1028,KHARGHULI HILLS
3,46.8,1036,KHARGHULI HILLS
3,46.9,1036,KHARGHULI HILLS
3,65,1250,SIX MILE
3,67.8,925,BELTOLA
2,50,900,BASISHTA
3,71.5,1428,PANJABARI
3,73.4,968,BELTOLA
3,55,937,SARABBHATI
2,34.1,849,DHARAPUR
3,99.5,918,BELTOLA
3,53,1000,BELTOLA
3,75,1250,SIX MILE
3,57,1000,HATIGAON
2,49.4,690,BELTOLA
2,46.3,962,DWARAKA NAGAR
2,51.4,998,KAHILPARA
3,60.3,1256,GANESHGURI
4,110,2345,KAHILIPARA
2,36.4,812,KHARGHULI HILLS
3,46.8,1036,KHARGHULI HILLS
3,45.4,1028,KHARGHULI HILLS
3,45.5,1028,KHARGHULI HILLS
2,45.4,655,JALUKBARI
3,77.4,1460,KHARGHULI HILLS
2,51.5,659,BELTOLA
3,55,1000,PATOR KUCHI
3,80,1382,VIP ROAD
2,47.8,1139,KAHILIPARA
3,81.5,1320,BHANGAGARH
3,50.9,862,KHANAPARA
3,72,1358,BAGHARBARI
3,52.1,1126,9TH MILE
3,61,1270,HATIGAON
3,75,1100,SIX MILE
3,80,1400,KAHILIPARA
3,85.8,1560,RUKMINI GAON
2,47,1100,VIP ROAD
3,75,1100,GUWAHATI
3,56.3,1040,PANJABARI
3,50,1100,PANJABARI
3,70,1495,HATIGAON
3,63,1481,SIX MILE
2,45.5,815,PANJABARI
3,60,1100,RUKMINI GAON
3,72.8,861,BELTOLA
3,66.4,882,BELTOLA
3,67.9,1000,BAMUNIMAIDAM
3,52.5,950,PANJABARI
3,82,1550,LACHIT NAGAR
3,81,1300,NARIKAL BARI
3,89.5,985,UZAN BAZAR
3,75.6,1344,KAHILIPARA
2,32.4,603,AZARA
2,43,614,BELTOLA
3,81.5,1320,BHANGAGARH
3,62.3,853,PANJABARI
3,50,1200,SILPUKHURI
2,50.3,927,PANJABARI
2,50,962,REHABARI
3,45,1000,SIX MILE
3,65,1300,GUWAHATI
3,64.9,1074,LOKHRA
4,70,1400,BAMUNIMAIDAM
3,70,1100,GANDHI BASTI
3,68,1534,KAHILIPARA
3,67.5,1080,BELTOLA
3,57,1050,BELTOLA
2,52,1150,RAJGARH ROAD
2,45.3,680,BARSAPARA
2,60.2,754,RUKMINI GAON
2,51.9,900,BELTOLA
3,60.6,809,PANJABARI
3,62.4,1200,LALMATI
4,95.5,1988,KAHILIPARA
3,50,1000,KAHILIPARA
2,42,800,KAHILIPARA
2,53.9,1036,LALMATI
3,67.6,936,SIX MILE
3,73,916,RUKMINI GAON
2,59,1282,GUWAHATI
2,36.5,653,BIRUBARI
2,55,1100,PANJABARI BUS STAND
2,35,650,KALA PAHAR
1,25,330,PRAGJYOTISH NAGAR
3,84,1200,GEETANAGAR
2,37,550,BARSAPARA
3,60,1400,HATIGAON
3,95,1563,BHANGAGARH
3,60,1180,KAHILIPARA
4,140,1700,SIX MILE
3,66,1264,PANJABARI
3,45,1000,KAHILIPARA
3,80,1280,LAKHIMI NAGAR
3,96.5,1755,AMBIKAGIRINAGAR
2,50,700,LAKHIMI NAGAR
3,82.2,1580,VIP ROAD
3,71.6,1100,PANJABARI
2,45,950,DOWNTOWN
2,57,1076,BAGHARBARI
2,45,942,HATIGAON
3,50.8,750,BARSAPARA
3,65,1000,SIX MILE
3,100,2400,GUWAHATI
3,98,1540,GANDHI BASTI
3,70,1230,BELTOLA
3,63,1100,TETELIA
3,70,1100,SARABBHATI
3,62.7,1130,SIX MILE
3,77.8,1000,BAMUNIMAIDAM
2,70,1250,UZAN BAZAR
3,70,1368,GUWAHATI
2,31,713,JYOTIKUCHI
2,51.5,850,SIX MILE
3,45,1000,BHETAPARA
2,38,800,BHETAPARA
3,95.5,1540,BHARALUMUKH
4,140,1820,SARABBHATI
2,29,670,KAHILIPARA
3,61,1275,9TH MILE
3,72.8,1415,LALMATI
2,45,799,PATOR KUCHI
3,130,1450,PAN BAZAR
3,60.6,931,BETKUCHI
1,17.4,282,9TH MILE
2,52,1060,SIX MILE
2,44,1053,MALIGAON
3,44,792,LAL GANESH
3,59,1420,MALIGAON
2,56.1,980,DATALPARA
3,60.8,1012,GANDHI BASTI
2,49.5,825,DISPUR
2,28.8,800,ADAGUDAM
3,69.7,1499,LAKHIMI NAGAR
2,42.2,960,ZOO ROAD
2,45.1,784,JAPORIGOG
3,130,2063,ZOO ROAD
3,118,1914,RUPNAGAR
3,65.4,877,AHOM GAON
2,41,936,HATIGAON
3,62,950,PANJABARI
2,47.3,1050,GHORAMARA
3,65.2,1003,HATIGAON
3,97,1250,SIX MILE
3,44,1036,KHARGHULI HILLS
3,85,1540,HENGRABARI
3,48,1300,BELTOLA
2,40,800,LOKHRA
3,95,1700,SIX MILE
2,64,1534,KAHILIPARA
2,51.7,675,KAHILIPARA
3,70.7,1026,KAHILIPARA
2,48,1005,TARUN NAGAR
2,45,960,BORMOTORIA
3,69.4,1443,SIX MILE
3,47,1200,LOKHRA
3,75,1200,SIX MILE
3,81.9,1365,UZAN BAZAR
3,77.1,1285,UZAN BAZAR
2,55.2,920,UZAN BAZAR
3,65,1350,DISPUR
3,88,1230,DOWNTOWN
3,76,1255,KAMAKHYA NAGAR
3,60,930,GUWAHATI
3,69.6,1240,VIP ROAD
2,53.3,711,KAHILIPARA
2,50,850,SIX MILE
3,65.7,1325,JALUKBARI
3,67.6,1202,LOKHRA ROAD
3,63,1250,CHANDMARI
2,46,800,SIX MILE
3,81.9,1365,UZAN BAZAR
3,77.1,1285,UZAN BAZAR
2,55.2,920,UZAN BAZAR
3,50.4,965,GHORAMARA
4,120,1450,ZOO ROAD
3,91.3,1384,UZAN BAZAR
3,90.1,1365,UZAN BAZAR
3,84.8,1285,UZAN BAZAR
3,53,850,VIP ROAD
3,56,920,VIP ROAD
6,2000,4500,DIGHALIPUKHURI
3,76,1000,ZOO ROAD
3,46.6,1225,LOKHRA
3,54,1100,JALUKBARI
2,52.6,990,VIP ROAD
3,85,1200,JAYANAGAR
3,67,969,BHANGAGARH
4,119,2200,KALA PAHAR
3,64.5,1013,DOWNTOWN
2,45.4,760,DOWNTOWN
3,55.2,865,DOWNTOWN
3,63,1100,KAHILIPARA
3,64.6,902,PANJABARI
3,52.5,1089,BARSAPARA
2,98.6,1374,ZOO TINIALI
3,55,1050,BELTOLA
3,62.9,875,PANJABARI
3,45,920,PATHAR QUARRY
3,70.5,968,SIX MILE
4,175,2695,BELTOLA
2,59.8,720,ZOO ROAD
3,60,850,LACHIT NAGAR
4,93.2,1300,BELTOLA
3,84.1,1640,KALA PAHAR
3,81,1177,LACHIT NAGAR
3,70,938,KHANAPARA
2,33,566,KAHIKUCHI
3,65.6,917,PANJABARI
2,50,1050,ULUBARI
3,64,892,PANJABARI
3,57.9,813,JALUKBARI
3,60.8,1266,HATIGAON
3,63.8,889,PANJABARI
3,65,1150,KAHILIPARA
3,84.8,1060,KAHILIPARA
3,55,976,JALUKBARI
1,27,521,JALUKBARI
1,27.1,521,JALUKBARI
3,41.6,885,JALUKBARI
2,51.1,1090,JALUKBARI
3,45.7,885,JALUKBARI
3,63.4,1325,GANESHPARA
2,57.9,720,KAHILIPARA
3,60,1000,RUKMINI GAON
3,84.9,1055,BELTOLA
2,55,850,HATIGAON
2,48,850,KAHILIPARA
1,10,200,GUWAHATI
3,72.1,1310,ZOO ROAD
3,90,1000,KHANAPARA
3,43.9,760,AZARA
3,45,760,KHANAPARA
2,60,1000,CHRISTIAN BASTI
2,52,950,KAHILIPARA
2,48,986,PANJABARI
2,65,1118,BHETAPARA
2,33.3,568,AZARA
2,49,618,PANDU
2,53,1199,GUWAHATI
3,70,1100,KAHILIPARA
3,50.4,923,AZARA
2,54,830,LAL GANESH
3,70,1200,GUWAHATI
2,40,700,KAHILIPARA
2,50,1205,HATIGAON
3,78.6,1289,GANDHI BASTI
3,100,1062,KAHILIPARA
2,65,985,BHANGAGARH
2,52,800,BHETAPARA
3,88,1600,BELTOLA
2,55,1200,ULUBARI
3,98.2,1889,SIX MILE
3,52.9,1192,LOKHRA
2,38,680,KAHILIPARA
2,65.1,1138,NALAPARA
3,66,849,PANDU
3,49.5,1200,LAL GANESH
2,36.9,595,DHARAPUR
2,55,1100,NALAPARA
4,128,2927,BHETAPARA
1,30,750,GUWAHATI
3,67.9,924,KAHILIPARA
2,40.9,1075,JALUKBARI
2,43,779,JATIA
3,65,1000,SURVEY
2,42.2,1110,JALUKBARI
3,62.7,1115,BORMOTORIA
4,153,3200,PANJABARI
3,72.8,1050,VIP ROAD
2,34,618,KAHIKUCHI
3,70,1459,GS ROAD
3,56,1367,DOWNTOWN
4,90,1846,LOKHRA ROAD
2,38.1,890,AHOM GAON
3,41,716,KAHIKUCHI
3,43.9,760,KAHIKUCHI
3,105,2850,VIP ROAD
3,69,1500,CHANDMARI
3,70,1150,CHANDMARI
2,50,950,HATIGAON
3,75,1560,RUKMINI GAON
3,62,1100,BELTOLA
3,61.2,1360,BHETAPARA
4,90,1846,LOKHRA ROAD
3,55,1300,KAHILIPARA
3,55.5,1300,PANJABARI
3,42.7,757,KAHIKUCHI
2,42,750,BELTOLA
2,37,900,KAHILIPARA
4,107,1800,PANJABARI
3,54,910,DHIRENPARA
3,58,1100,BELTOLA
2,52.8,722,KAHILIPARA
3,50.4,923,KAHIKUCHI
3,55,1150,KAHILIPARA
2,57,722,KAHILIPARA
2,48.6,639,KHANAPARA
2,50.7,780,BAGHARBARI
3,76.5,1382,KAHILIPARA
3,47.5,970,GHORAMARA
3,62.4,1558,HATIGAON
1,37,870,GUWAHATI
3,52,1055,JALUKBARI
3,68,1100,HATIGAON
3,44.3,790,KAHIKUCHI
6,150,3100,BELTOLA
2,34,538,DHARAPUR
2,38,603,KHANAPARA
3,69,1390,GANESHGURI
3,78,1350,BELTOLA
3,85,1200,JAYANAGAR
3,75,1300,DISPUR
3,68,1250,JANAKPUR
3,49.2,1295,JALUKBARI
3,49.2,1295,JALUKBARI
2,54.6,1138,NALAPARA
3,68,1430,BELTOLA
3,90,1200,AZARA
2,50,901,PATOR KUCHI
3,74.3,964,PATHAR QUARRY
3,69.8,952,KAHILIPARA
3,78.4,1078,KAHILIPARA
4,140,1202,REHABARI
3,50,1150,RUKMINI GAON
3,87.4,1578,GEETANAGAR
3,51.6,844,JALUKBARI
2,42,1200,SARABBHATI
3,83,1384,UZAN BAZAR
2,40,900,BHETAPARA
3,56.5,990,VIP ROAD
3,50,1350,LANKESHWAR
3,52.2,1306,9TH MILE
3,51,1276,9TH MILE
4,180,1800,BELTOLA
2,42.6,1064,9TH MILE
2,39.9,997,9TH MILE
1,17.8,445,9TH MILE
3,52.3,1306,9TH MILE
2,42.6,1064,9TH MILE
2,39.9,997,9TH MILE
3,70,1000,SIX MILE
2,75,810,KAHILIPARA
3,60,900,RAJGARH ROAD
3,47,1236,LOKHRA
3,91.3,1384,UZAN BAZAR
3,90.1,1365,UZAN BAZAR
3,84.8,1285,UZAN BAZAR
2,36.5,689,LOKHRA
3,80.6,1726,DATALPARA
3,85.6,1711,NOONMATI
3,52,1100,KAHILIPARA
3,41,644,DHARAPUR
4,100,1755,SIX MILE
4,131,2310,BIRUBARI
3,70,1420,JALUKBARI
2,52,1250,HATIGAON
2,45,1050,VIP ROAD
3,50,1280,AZARA
3,34,948,DHARAPUR
2,37.5,691,GHORAMARA
3,52,1488,DHARAPUR
3,82,1314,SARABBHATI
3,72,1500,PANJABARI
3,42.9,1100,LAL GANESH
3,56.5,855,LOKHRA
3,55,950,TARUN NAGAR
3,57.5,1300,GHORAMARA
2,41,800,JALUKBARI
2,46,700,DOWNTOWN
3,69.7,1405,BAMUNIMAIDAM
2,44.8,762,BHETAPARA
3,57,1147,SIX MILE
3,71,1199,PANJABARI BUS STAND
4,60,1050,GOTANAGAR
3,64.4,840,BHETAPARA
2,60.2,1113,BORMOTORIA
2,73.5,1361,BORMOTORIA
3,45,1400,CHRISTIAN BASTI
3,99.5,1086,SANTIPUR
3,83.6,968,BIRUBARI
2,33.9,600,DHARAPUR
3,55,1100,SIX MILE
2,42,819,NOONMATI
3,61,1270,HATIGAON
3,60.1,1245,HATIGAON
2,41.7,752,MALIGAON
2,45,943,HATIGAON
3,54.5,1200,KHANAMUKH
3,45,1145,DISPUR
3,63,1060,DISPUR
2,40,980,SAWKUCHI
2,45,670,JALUKBARI
3,47,700,JALUKBARI
3,56,977,PANJABARI
3,60.3,1300,GANESHPARA
2,47.4,800,BAGHARBARI
3,40,1200,LANKESHWAR
3,65,1446,SARUSAJAI
3,61.1,1270,HATIGAON
3,60,1245,HATIGAON
3,50,900,HATIGAON
3,44,1000,PANJABARI
3,60.6,1308,GANESHPARA
3,70,1400,DISPUR
3,70.3,1465,HENGRABARI
3,72,1050,BAKARAPARA
3,70.3,1355,KAHILIPARA
3,75.5,1460,KAHILIPARA
3,80.1,1555,KAHILIPARA
3,80.4,1560,KAHILIPARA
3,87.3,1700,KAHILIPARA
3,96.2,1882,KAHILIPARA
3,80.8,1388,RAJGARH ROAD
3,70,1300,NOONMATI
3,63.9,1681,GARCHUK
3,95,1820,KAHILIPARA
2,55,1040,LAL GANESH
2,60.1,1113,BORMOTORIA
2,73.5,1361,BORMOTORIA
3,70.3,1465,DOWNTOWN
3,70.2,1355,KAHILIPARA
3,75.4,1460,KAHILIPARA
3,80.1,1555,KAHILIPARA
3,80.3,1560,KAHILIPARA
3,87.2,1700,KAHILIPARA
3,65,1216,ADABARI
2,45,620,BHETAPARA
3,85,1384,UZAN BAZAR
3,86.8,1670,BHETAPARA
3,51,700,BHETAPARA
3,70,1200,BELTOLA
1,26.1,484,BORMOTORIA
1,28.5,527,BORMOTORIA
1,33.7,624,BORMOTORIA
4,142,2960,KALA PAHAR
1,22.5,320,JALUKBARI
3,72,1200,KAHILIPARA
2,85,1359,HATIGAON
3,58.5,888,LOKHRA
3,55,1306,GHORAMARA
3,62.8,845,BELTOLA
2,28,700,ADAGUDAM
3,58,900,GEETANAGAR
2,35,650,NALAPARA
2,33,849,DHARAPUR
3,66,1150,KAHILIPARA
3,50,1326,LOKHRA
3,54.9,1193,LALMATI
2,47.9,1036,LALMATI
3,57,1280,LAL GANESH
3,79.2,970,KAHILIPARA
2,31.9,798,AHOM GAON
2,43.1,957,BELTOLA
3,61.3,1362,BELTOLA
3,62.3,1385,BELTOLA
3,59.4,1320,BELTOLA
3,62,1239,KAHILIPARA
3,75,1610,BEHARBARI CHARIALI
3,47,1000,PANJABARI
3,65.7,919,PANJABARI
3,48.8,1220,AHOM GAON
3,70,985,PANJABARI
3,61.2,893,LAKHIMI NAGAR
3,78.2,1108,DATALPARA
2,56.2,1080,BHETAPARA
3,54.6,800,GOTANAGAR
3,55,950,DOWNTOWN
2,48.7,648,DATALPARA
2,45,1010,BHETAPARA
3,150,1485,BELTOLA
2,40.7,872,KAHILIPARA
3,77.2,1141,LAKHIMI NAGAR
3,72.3,915,BELTOLA
3,47,950,JALUKBARI
3,116,1137,BELTOLA
3,90,1450,GUWAHATI
3,50,1200,BELTOLA
3,52,1050,AHOM GAON
3,66.8,923,PANJABARI
3,70,1150,DISPUR
3,65,1200,DOWNTOWN
3,62.3,893,LAKHIMI NAGAR
2,65,900,GUWAHATI
3,65.1,945,LAKHIMI NAGAR
3,79,1184,LAKHIMI NAGAR
2,37,850,PRAGJYOTISH NAGAR
3,46,828,ODALBAKRA
3,83,1384,UZAN BAZAR
2,50,770,BHANGAGARH
2,47.7,715,GANESHPARA
3,60,1000,SIX MILE
3,75,1585,BHETAPARA
3,48,1090,PANJABARI BUS STAND
2,40,800,HATIGAON
3,52,1000,VIP ROAD
2,46,888,BELTOLA
2,39,565,LAL GANESH
3,67,1400,LAKHIMI NAGAR
3,76,1713,VIP ROAD
3,74.6,1061,SIX MILE
2,39.6,880,DOWNTOWN
2,47,850,HATIGAON
3,56.3,1250,DOWNTOWN
2,40,911,KHANAPARA
3,65,1200,GHORAMARA
2,70,1465,LALMATI
2,52.1,975,DOWNTOWN
2,52.1,975,DOWNTOWN
2,52.2,975,DOWNTOWN
3,69.6,1341,DOWNTOWN
3,69.7,1341,DOWNTOWN
3,69.7,1341,DOWNTOWN
3,70.8,1365,DOWNTOWN
3,70.8,1365,DOWNTOWN
3,70.9,1365,DOWNTOWN
3,75,1330,BELTOLA
3,82,1350,NEW SARANIA
2,43,800,DOWNTOWN
3,45.5,792,JALUKBARI
3,61.8,1334,GANESHPARA
3,90,1200,SIX MILE
3,78.5,1246,HATIGAON
3,64,1660,DHARAPUR
2,49,1000,HATIGAON
3,64.6,870,NAVAGRAHA ROAD
3,74.6,1080,BELTOLA
2,50,800,LALMATI
3,62,1230,LAL GANESH
3,59.7,1297,LOKHRA ROAD
3,95.2,1656,GANESHGURI
2,32,1050,KAHILIPARA
2,26,687,PANIKHAITI
2,56.4,885,CHANDMARI
3,47,1168,DHARAPUR
3,49,1100,PANJABARI
3,65,1332,RAJGARH ROAD
3,90,1400,GANESHGURI
2,38.6,935,CHANDMARI
2,23,500,GUWAHATI
3,56,1200,VIP ROAD
4,65,1300,JALUKBARI
3,75,1537,JAYANAGAR
4,30,1900,DISPUR
3,76.2,1150,CHANDMARI
2,50,800,CHANDMARI
2,30,850,LAL GANESH
3,84.3,1453,GANESHGURI
2,64.5,1112,GANESHGURI
3,56.3,1100,NOONMATI
2,49,629,JALUKBARI
3,52.2,761,JALUKBARI
3,60.2,865,JALUKBARI
2,44,810,SIX MILE
3,56,1140,SIX MILE
2,45,900,HATIGAON
2,52,1150,ZOO ROAD
3,60,1150,MALIGAON
2,57.1,838,BORSOJAI
2,37.7,748,NALAPARA
3,50,1150,SATGAON
2,48.6,706,JALUKBARI
2,49.4,800,BELTOLA
3,52,1250,DHARAPUR
2,50,1150,HATIGAON
3,88.2,1593,GEETANAGAR
1,31.5,453,JALUKBARI
2,40,900,SATGAON
3,48,1000,SATGAON
3,65,985,PANJABARI
3,65,966,SURVEY
3,80,1400,GS ROAD
3,65,1460,NOONMATI
2,50,800,AMBIKAGIRINAGAR
2,50,1150,BORBARI
3,82.2,1490,ULUBARI
3,48,1085,PANJABARI
3,75.1,1080,HENGRABARI
3,56,1248,LAL GANESH
2,34.1,849,DHARAPUR
3,44,1182,DHARAPUR
3,44,999,DHARAPUR
3,57,1261,LAL GANESH
4,91,1592,PANJABARI
3,57.6,1041,PANJABARI
3,65,1393,VIP ROAD
3,40,850,BHASKAR NAGAR
3,67.9,807,RAJGARH ROAD
3,63.4,992,BAGHARBARI
3,80,1400,KAHILIPARA
2,52.3,1027,KAHILIPARA
3,65,1100,GANESHGURI
2,46,1030,BHETAPARA
3,52.1,898,HATIGAON
2,40,700,BHETAPARA
2,38.4,863,LALMATI
1,150,1500,ULUBARI
1,26,533,KHANAPARA
3,65.3,1360,BHETAPARA
3,58,1000,TARUN NAGAR
3,41.7,681,BELTOLA
4,56,1675,AZARA
3,54,950,TARUN NAGAR
2,45,790,PALTAN BAZAAR
3,74,1150,SIX MILE
3,34.1,645,DHARAPUR
3,85,1378,PANJABARI
3,50,1100,PANJABARI
3,52.8,837,BELTOLA
3,69.6,1450,BHETAPARA
4,117,1302,FATASIL AMBARI
3,93.7,1039,FATASIL AMBARI
1,24,300,PANJABARI
3,55,850,DISPUR
3,61,1000,BASISTHA
1,24.5,374,KHANAPARA
2,85,900,SURVEY
3,46.7,725,NOONMATI
3,59.6,960,LALMATI
3,60,1294,GANESHPARA
3,61.4,1340,AHOM GAON
3,62,1105,GHORAMARA
3,135,1600,HENGRABARI
3,96,1557,KHARGHULI HILLS
3,54.4,887,LAL GANESH
2,40,870,PANJABARI
3,73,1365,HENGRABARI
3,74.3,1054,DHIRENPARA
3,74.5,1001,DHIRENPARA
3,52.8,1284,BASISTHA
3,61,1000,BAISISTHA
4,102,1418,DHIRENPARA
2,38.9,677,9TH MILE
3,60.5,1041,PANJABARI
3,51,1150,SURVEY
3,74,948,JALUKBARI
3,74.3,1130,PANJABARI
3,61.2,1087,GEETANAGAR
3,58.3,1300,KHANAMUKH
3,52.4,1270,BAGHARBARI
3,86.2,1554,GEETANAGAR
3,80,1150,CHRISTIAN BASTI
3,84,1200,JAYANAGAR
3,54,1200,NARENGI TINALI
4,60,1200,9TH MILE
3,60,1100,KAHILIPARA
3,65,1200,SIX MILE
3,60,1000,SIX MILE
3,49.6,785,SATGAON
2,33,703,DHARAPUR
3,65.5,1363,DOWNTOWN
3,75,1050,GUWAHATI
2,56.8,1530,KAHILIPARA
3,79.5,1419,GEETANAGAR
2,44.8,675,DHARAPUR
3,162,3085,GEETANAGAR
3,164,3126,GEETANAGAR
3,68.7,1527,BHETAPARA
3,67,1070,SIX MILE
2,42.3,765,JALUKBARI
1,28,700,BELTOLA
3,76.5,1359,GEETANAGAR
2,45.2,631,JALUKBARI
2,56.3,1043,BARSAPARA
2,38.8,947,KHANAPARA
3,76,1100,BHANGAGARH
3,75,1637,ABC POINT
3,76.2,1354,GEETANAGAR
3,76.5,1359,GEETANAGAR
3,77.8,1386,GEETANAGAR
3,79.5,1419,GEETANAGAR
3,86.2,1554,GEETANAGAR
3,86.7,1564,GEETANAGAR
3,72,1100,DISPUR
3,88.2,1593,GEETANAGAR
3,76.3,1354,GEETANAGAR
3,76.5,1359,GEETANAGAR
3,77.9,1386,GEETANAGAR
3,126,2353,GEETANAGAR
2,43,780,KAHILIPARA
3,70,1080,BELTOLA
3,52.1,1126,9TH MILE
3,86.8,1566,GEETANAGAR
3,87,1570,GEETANAGAR
3,87.4,1578,GEETANAGAR
2,55,750,DISPUR
3,79.5,1419,GEETANAGAR
3,86.3,1554,GEETANAGAR
1,30.7,575,JALUKBARI
2,38,850,KAHILIPARA
2,55.8,1115,BIRUBARI
3,63,1465,BELTOLA
3,45,1200,MALIGAON
3,63.1,1467,BELTOLA
3,112,1300,BHANGAGARH
3,67.7,1575,BELTOLA
3,61.7,1435,BELTOLA
3,73,1030,DHIRENPARA
2,61.5,845,DHIRENPARA
4,102,2135,PANJABARI
4,81,1883,BELTOLA
3,71.7,966,DHIRENPARA
3,48,913,DHARAPUR
3,77.4,1047,DHIRENPARA
2,49,783,NARENGI TINALI
3,68.9,972,ULUBARI
2,49,1050,GHORAMARA
3,75.4,1054,SIX MILE
2,44,1023,BELTOLA
3,52.8,1005,JALUKBARI
1,25.5,380,BHANGAGARH
2,56.1,1005,LALMATI
3,48.7,1207,BASISTHA
2,37.5,906,BASISTHA
2,46.5,800,GANDHI BASTI
3,44.3,1155,AZARA
3,90.8,1650,BIRUBARI
3,60,750,LOKHRA ROAD
3,65,1260,ULUBARI
2,47,720,DHARAPUR
3,88,1233,SIX MILE
3,64.1,1490,BELTOLA
3,63.5,1477,BELTOLA
3,58.2,1108,JALUKBARI
2,25,720,JYOTIKUCHI
3,154,2188,ZOO TINIALI
3,63.3,1472,BELTOLA
3,65,1250,HENGRABARI
2,43,800,SIX MILE
3,105,1100,TARUN NAGAR
3,60,1200,BAMUNIMAIDAM
3,54,945,GOTANAGAR
3,75,1248,CHANDMARI
3,45,965,AZARA
4,160,2500,GANESHGURI
3,232,2900,KHARGHULI HILLS
3,111,1851,KHARGHULI HILLS
3,62.6,813,VIP ROAD
3,76.5,1500,SIX MILE
3,86,1520,GANDHI BASTI
2,56.8,997,KAHILIPARA
3,63.5,1040,LAKHIMI NAGAR
3,55.6,1053,BELTOLA
3,66,1310,PANJABARI
3,54.6,1250,HATIGAON
3,51,920,HATIGAON
3,42,913,KAHIKUCHI
3,98,1200,REHABARI
3,50,1000,JALUKBARI
3,44.8,732,BELTOLA
2,47,902,HATIGAON
3,76.9,1303,ZOO TINIALI
3,44.9,734,BELTOLA
3,53,900,KHANAPARA
3,70,1475,JALUKBARI
3,62.8,1428,SIX MILE
2,35,571,BELTOLA
3,78.2,1630,PANJABARI
3,70,994,JALUKBARI
3,64.9,1325,HATIGAON
3,55.1,1225,LAL GANESH
3,92.9,1498,KHARGHULI HILLS
3,51,1200,KHANAPARA
3,96.4,1606,KHARGHULI HILLS
3,82.8,1725,PANJABARI
1,19.3,315,BELTOLA
3,58,950,BELTOLA
2,49.7,757,BAGHARBARI
2,58.8,996,ZOO TINIALI
2,43.2,900,PANJABARI
3,80,1250,BAISISTHA
4,180,1675,SATGAON
3,90,1740,VIP ROAD
3,31,1150,KAHILIPARA
3,63.2,816,PANJABARI
4,202,2502,ZOO ROAD
2,31.6,510,SATGAON
3,64.4,1342,DOWNTOWN
3,48.3,835,LOKHRA
3,85.7,1429,KHARGHULI HILLS
2,72.8,1213,KHARGHULI HILLS
3,5,1350,GUWAHATI
3,62,1150,BHETAPARA
2,46.8,975,DOWNTOWN
3,60,1250,GUWAHATI
3,81.7,1404,RAJGARH ROAD
3,48.6,980,LOKHRA
3,88.2,1522,RAJGARH ROAD
2,41.4,640,SATGAON
3,78,1625,NOONMATI
3,73.8,1308,BELTOLA
3,53.2,885,SATGAON
2,40,1090,JALUKBARI
2,42.4,715,SATGAON
3,49.5,1201,KHANAPARA
3,63.6,1014,DHARAPUR
3,152,2874,GEETANAGAR
3,153,2890,GEETANAGAR
3,58,838,DHARAPUR
2,49,990,DHARAPUR
3,67.9,953,LAL GANESH
3,54,880,BHANGAGARH
2,33.4,545,BELTOLA
3,59.3,951,JALUKBARI
3,126,1775,ZOO TINIALI
3,54,1000,HATIGAON
3,77.8,1386,GEETANAGAR
3,60,1265,DHARAPUR
1,22,302,DHARAPUR
2,42,556,JALUKBARI
3,65,1300,BARSAPARA
2,62,1172,KAHILIPARA
2,39.9,793,SIX MILE
2,36.2,612,DHIRENPARA
3,73.2,1525,PANJABARI
2,50,980,GANESHGURI
4,84,1500,KAHILIPARA
3,54,1000,KAHILIPARA
2,30,538,KALA PAHAR
2,54.3,1015,SOUTH SARANIA
2,32,700,GUWAHATI
2,65,1128,BELTOLA
2,600,1600,GANESHGURI
3,56.7,880,JALUKBARI
2,45,1100,ADABARI
3,55.5,1120,LAL GANESH
3,55.5,1109,KAHILIPARA
3,56,1050,SIX MILE
3,60,1000,DOWNTOWN
4,75.2,1550,KAHILIPARA
2,45,900,PANJABARI
3,73,1505,KAHILIPARA
3,50.8,800,SATGAON
3,60.8,863,JALUKBARI
3,80,1180,UZAN BAZAR
3,63,1140,CHANDMARI
2,38,855,JALUKBARI
3,69.9,1243,GEETANAGAR
3,68.3,973,GANESHGURI
2,50,640,LOKHRA
3,61.6,1050,VIP ROAD
3,57.5,1278,LAL GANESH
3,61,1250,GUWAHATI
3,51.9,743,SURVEY
3,42,913,KAHIKUCHI
2,44.7,938,GANESHPARA
2,58.9,1132,BIRUBARI
3,62,1100,KAHILIPARA
3,51,910,LAL GANESH
2,36.8,800,HATIGAON
2,39.8,700,LALMATI
2,56.8,998,KAHILIPARA
3,61.6,1048,VIP ROAD
3,98,1800,TARUN NAGAR
3,97.2,1567,PALTAN BAZAAR
2,36,770,LOKHRA
3,90.2,1504,SARABBHATI
3,62.8,1396,PANJABARI
3,70.1,955,KAHILIPARA
3,49.4,804,BORAGAON
3,40,1107,MALIGAON
2,50,932,BARSAPARA
3,57,1100,BORBARI
2,51,1000,SIX MILE
3,83.7,1555,MANPARA
4,106,2025,MANPARA
4,106,2025,MANPARA
2,41,1175,AZARA
2,58.9,950,KHARGHULI HILLS
2,38.4,615,DHARAPUR
3,90,1500,KALA PAHAR
3,73.9,1355,MANPARA
3,80.8,1495,MANPARA
2,39.3,630,BORAGAON
3,75,1460,KAHILPARA
3,80.3,1485,MANPARA
3,83.7,1555,MANPARA
3,75.2,1380,MANPARA
3,80.3,1485,MANPARA
3,57.5,1250,BAGHARBARI
3,83.5,1550,MANPARA
3,73.8,1230,BHANGAGARH
2,49.9,1189,BORSOJAI
3,83.5,1550,MANPARA
3,75.1,1380,MANPARA
2,45,850,ADABARI
2,64.5,1112,GANESHGURI
2,61,956,REHABARI
3,94.5,1670,BHETAPARA
3,75,1000,ULUBARI
3,50,920,BIRUBARI
3,47.6,820,JALUKBARI
3,47,700,KAHIKUCHI
2,39.2,872,KAHILIPARA
3,36,999,DHARAPUR
3,75,1100,SILPUKHURI
3,74.7,1494,ZOO ROAD
3,78.7,1180,GEETANAGAR
2,42.5,740,JAPORIGOG
2,45,1000,BHANGAGARH
3,65.5,1016,SURVEY
3,64.1,937,KHANAPARA
3,50.4,884,KALA PAHAR
1,26.7,475,JALUKBARI
3,51.5,920,ZOO ROAD
3,90,1600,LOKHRA
3,74,1450,GUWAHATI
3,52,900,JALUKBARI
2,58.6,1274,DHIRENPARA
3,71.2,1582,DHIRENPARA
4,88.2,1840,KHANAPARA
2,35,800,LOKHRA
3,79.5,1282,BELTOLA
3,150,1450,NAVAGRAHA ROAD
3,66.2,1180,JALUKBARI
2,32.6,579,GARCHUK
3,49.7,942,TETELIA
2,42.3,941,AZARA
2,44.2,982,AZARA
2,42.4,941,AZARA
2,44.2,982,AZARA
3,52.6,1166,AZARA
2,28,400,PATOR KUCHI
3,110,2017,ZOO ROAD
3,89.3,1137,REHABARI
3,64,1000,KALA PAHAR
3,53,1100,SIX MILE
2,36,675,LAL GANESH
2,57.6,850,VIP ROAD
3,75,1500,JALUKBARI
2,37.3,640,JALUKBARI
3,94.6,1455,BHANGAGARH
3,50,900,BELTOLA
3,48,1000,LALMATI
3,55,1000,DOWNTOWN
2,45,900,BELTOLA
2,42.4,941,AZARA
2,44.3,982,AZARA
3,51.7,1148,AZARA
3,51.7,1148,AZARA
3,51.7,1148,AZARA
3,52.5,1166,AZARA
3,52.5,1166,AZARA
3,70.9,1002,LACHIT NAGAR
3,55,800,HATIGAON
2,42,1200,SILPUKHURI
3,54,1200,SIX MILE
3,64.6,1270,PANJABARI
3,74,1557,KAHILIPARA
3,60,1025,SOUTH SARANIA
4,130,2200,KALA PAHAR
4,154,2600,KALA PAHAR
3,65,1433,LOKHRA
3,72,1435,PANJABARI
4,83,2125,KAHILIPARA
3,96,1600,KHARGHULI HILLS
2,42,780,JYOTIKUCHI
2,55,800,RUKMINI GAON
3,83.4,1525,KAHILIPARA
3,92.5,1640,KALA PAHAR
3,45.4,950,LAL GANESH
3,35,900,JALUKBARI
3,98,1800,TARUN NAGAR
2,33.9,800,LOKHRA
3,72,1360,RUKMINI GAON
3,54.5,1100,NAYANPUR
3,98,1600,ZOO ROAD
2,53,900,BHETAPARA
4,128,2180,BHANGAGARH
3,59.1,899,LOKHRA
3,41.8,749,GARCHUK
4,140,2600,KALA PAHAR
3,63.7,809,PANJABARI
2,49,733,BELTOLA
3,58,881,LOKHRA
2,42,700,DAKHINGAON
3,70,1400,JALUKBARI
3,67,1340,DISPUR
3,52,1150,JALUKBARI
3,44.7,740,GARCHUK
3,68,1340,BELTOLA
3,74.6,1156,LOKHRA
3,66.8,858,PANJABARI
2,35,1200,JALUKBARI
4,91.6,1280,KHANAPARA
3,68.2,1325,DISPUR
5,86,1860,HATIGAON
3,53,1370,BELTOLA
4,100,1500,AMBIKAGIRINAGAR
4,140,2600,KALA PAHAR
3,57,1250,HATIGAON
2,36,700,ZOO ROAD
2,55.8,823,GANESHGURI
3,76.8,1670,LOKHRA
3,61.4,823,SURVEY
4,165,2150,ATHGAON
3,71.3,1372,SOUTH SARANIA
3,61.1,1422,SIX MILE
3,52.5,1150,MALIGAON
4,157,3143,KHANAPARA
3,47,940,BORMOTORIA
3,50,1250,NALAPARA
2,52.9,1058,KHANAPARA
3,63,1355,KHANAPARA
3,58.6,700,CHANDMARI
2,58,1074,GANESHGURI
2,39.7,650,LAL GANESH
3,56.7,1222,LOKHRA
3,45.9,770,KHANAPARA
3,50,1100,GUWAHATI
3,75,1200,TARUN NAGAR
3,63,1050,DISPUR
3,75,1100,RAJGARH ROAD
3,57.5,996,KALA PAHAR
4,72,1165,BORAGAON
3,65,1357,LALMATI
3,71.8,1061,BELTOLA
3,70,1000,BELTOLA
2,56,880,BHANGAGARH
2,42,766,DHARAPUR
3,95,1480,RUKMINI GAON
3,85.9,1652,BIRUBARI
2,59,1000,RUPNAGAR
3,48,1200,ADABARI
2,35,700,NARIKAL BARI
4,121,2130,BHETAPARA
3,102,1660,ULUBARI
3,49.4,1148,AZARA
2,47.1,935,KAHILIPARA
3,60.6,931,GARCHUK
3,55.6,1053,BELTOLA
2,49,1050,BELTOLA
3,54.6,1109,ODALBAKRA
3,63.9,1332,LOKHRA
4,122,2664,LOKHRA
2,42,821,LAKHIMI NAGAR
3,80.1,1085,MANPARA
3,45,645,JALUKBARI
3,57.5,920,CHANDMARI
3,60,1024,RUKMINI GAON
3,62,1100,BELTOLA
2,28,660,AMBARI
2,49.2,703,JALUKBARI
3,66,913,JALUKBARI
3,72,1380,BELTOLA
1,33.7,624,BORMOTORIA
2,64.2,1188,BORMOTORIA
2,60.4,1119,BORMOTORIA
2,53.6,890,BHETAPARA
3,72.8,1150,BHETAPARA
3,70,1350,KAHILIPARA
2,45,800,GUWAHATI
3,96.2,1882,KAHILIPARA
3,70,1350,KAHILIPARA
3,102,1648,RUPNAGAR
2,48,784,LAKHIMI NAGAR
3,46,1200,MALIGAON CHARIALI
3,100,1604,RUPNAGAR
3,55,1000,SIX MILE
3,102,1648,RUPNAGAR
3,100,1604,RUPNAGAR
2,52,1050,BAKARAPARA
3,76.2,953,BELTOLA
4,180,2130,BHETAPARA
3,55,1150,DOWNTOWN
3,92,1314,SARABBHATI
3,78,1650,RUKMINI GAON
2,64.2,1188,BORMOTORIA
3,77.6,1437,BORMOTORIA
3,77.3,1431,BORMOTORIA
3,115,2145,BORMOTORIA
3,98.6,1826,BORMOTORIA
3,92.6,1714,BORMOTORIA
3,87.8,1626,BORMOTORIA
3,92.6,1714,BORMOTORIA
3,77.3,1431,BORMOTORIA
4,108,2004,BORMOTORIA
3,90,1280,ZOO ROAD
3,37.9,894,DHARAPUR
3,40.8,995,DHARAPUR
3,44.3,1007,DHARAPUR
3,42.5,1013,DHARAPUR
3,49.1,1183,DHARAPUR
3,48.1,1190,DHARAPUR
3,53.1,1222,DHARAPUR
3,52.8,1277,DHARAPUR
3,60,1000,PANJABARI
3,51.8,1178,BHASKAR NAGAR
1,19.2,433,DHARAPUR
2,28.5,680,DHARAPUR
2,36.7,886,DHARAPUR
2,43.3,1008,DHARAPUR
2,41.8,955,DHARAPUR
2,41.4,1011,DHARAPUR
2,47.3,1081,DHARAPUR
3,46.9,1097,DHARAPUR
3,44.8,1100,DHARAPUR
3,51.5,1183,DHARAPUR
3,48.6,1185,DHARAPUR
3,52.2,1277,DHARAPUR
3,42.6,967,DHARAPUR
3,65,1200,PANJABARI
2,46.7,900,DHIRENPARA
3,47,980,PANJABARI
3,48,895,JALUKBARI
3,65.9,1076,HATIGAON
3,70,1150,DISPUR
3,79,1200,DISPUR
2,61.6,850,PANJABARI
3,105,1500,GANESHGURI
3,82.5,1650,BIRUBARI
3,55,1140,PANDU
4,62,1400,MALIGAON
3,40,800,PANDU
3,60,1100,KAHILIPARA
3,70.4,949,MANPARA
3,53.6,1260,BASISTHA
3,88.5,1200,AMBIKAGIRINAGAR
2,46,900,BHETAPARA
3,79.3,1066,NALAPARA
2,32,703,DHARAPUR
3,81.2,1069,NALAPARA
2,49.8,711,JALUKBARI
3,53.1,1361,JALUKBARI
3,51.4,1317,JALUKBARI
3,51.8,1329,JALUKBARI
3,52.8,1353,JALUKBARI
3,53,1358,JALUKBARI
2,36,900,CHANDMARI
2,62,1220,GHORAMARA
2,52.4,1035,JALUKBARI
2,61.5,950,BELTOLA
2,55,1040,LAL GANESH
3,65,1100,BELTOLA
3,55,1200,RUKMINI GAON
3,70.6,838,PANJABARI
3,118,1920,RUPNAGAR
3,119,1933,RUPNAGAR
3,57.1,1190,KAHILIPARA
3,80,1200,SIX MILE
3,118,1920,RUPNAGAR
4,141,2301,RUPNAGAR
3,72,1250,SIX MILE
3,72.6,953,NALAPARA
3,66,853,NALAPARA
2,45,750,NAYANPUR
3,70.4,1370,BELTOLA
3,68,1050,BELTOLA
2,40,1125,PANJABARI
3,62,1100,NAYANPUR
3,70.3,1061,PANJABARI
4,138,2256,RUPNAGAR
3,90,1800,DOWNTOWN
2,40,850,GUWAHATI
3,95,1300,BELTOLA
4,150,2200,BELTOLA
3,42,808,PRAGJYOTISH NAGAR
3,65,896,TETELIA
2,44,856,MALIGAON
2,26,960,AZARA
4,140,2000,KAHILIPARA
2,46,741,JALUKBARI
2,65,1214,SILPUKHURI
3,55.3,835,LOKHRA
4,107,1805,SARUSAJAI
3,62.1,1111,SARUSAJAI
2,47.8,856,SARUSAJAI
3,68,1357,LALMATI
2,42,1060,MALIGAON
3,67.8,1270,BELTOLA
2,55,800,ZOO ROAD
3,45,1000,AZARA
3,63.5,1270,PANJABARI
3,70,1200,DWARAKA NAGAR
2,35,750,SIJUBARI
2,44,1155,SARUSAJAI
3,78.3,1040,BELTOLA
3,55,838,DHARAPUR
3,64.9,1330,JALUKBARI
2,47.7,793,DATALPARA
2,70.9,1176,GANESHGURI
2,34,850,DHARAPUR
3,60.3,1340,BHETAPARA
2,25,800,MALIGAON
2,35,700,DHIRENPARA
2,41.4,690,JALUKBARI
2,43,700,BHETAPARA
3,67.2,955,KAHILIPARA
3,71.5,1014,KAHILIPARA
3,70,1175,ADABARI
2,30,1036,DHIRENPARA
3,45,850,LAL GANESH
2,50,950,HATIGAON
2,36,624,HATIGAON
2,46,732,SIX MILE
2,36.9,999,DHARAPUR
3,82.1,1500,VIP ROAD
2,45,1050,SARABBHATI
3,83.7,1094,NALAPARA
3,51.7,1325,JALUKBARI
3,52.1,1337,JALUKBARI
2,32.5,760,REHABARI
3,80.4,1380,RAJGARH ROAD
2,55,850,TETELIA
2,35,700,DHIRENPARA
2,36,1000,BASISTHA
2,65,1134,PANDU
2,45.6,638,JALUKBARI
3,42,950,LOKHRA
3,66,1180,DISPUR
4,160,2000,ATHGAON
3,54.8,990,GS ROAD
2,39,800,KAHIKUCHI
2,125,1600,KHARGHULI HILLS
3,72,1100,BELTOLA
2,52.5,780,BELTOLA
3,55,1300,GUWAHATI
2,41.5,854,JALUKBARI
3,45,900,BHETAPARA
3,68,1000,REHABARI
3,52,1200,NALAPARA
3,104,2326,BELTOLA
3,85.5,1700,KAHILIPARA
1,8,188,KAHILIPARA
3,60,1250,PANJABARI
3,82.7,1590,BHETAPARA
3,68.6,1350,KAHILIPARA
3,48.4,750,JALUKBARI
3,90,1450,ULUBARI
3,38.6,820,AZARA
3,83,1045,BORSOJAI
2,65,1250,KALA PAHAR
3,72,1216,ADABARI
2,39,922,GHORAMARA
3,74,1500,VIP ROAD
3,48,1000,PANJABARI
3,55,1000,GANDHI BASTI
3,67.5,1004,JAYANAGAR
3,80,1210,LANKESHWAR
2,30,633,DISPUR
2,40.7,970,DISPUR
2,45,900,ADABARI
2,45,1050,JALUKBARI
3,47,755,DHARAPUR
3,60.5,834,DHARAPUR
3,60,1044,JAYANAGAR
3,60,1100,HENGRABARI
2,50,900,HENGRABARI
2,22,800,SAWKUCHI
3,115,1200,LALMATI
2,80,1250,GUWAHATI
3,55.9,850,LALMATI
3,60,1452,GUWAHATI
3,53.9,777,JALUKBARI
2,55.2,732,BELTOLA
2,31,849,DHARAPUR
3,40,1182,DHARAPUR
3,48.1,1375,KAHILIPARA
3,33,645,DHARAPUR
3,120,1949,RUPNAGAR
3,118,1914,RUPNAGAR
3,119,1933,RUPNAGAR
3,53,1048,PRAGJYOTISH NAGAR
4,138,2256,RUPNAGAR
4,141,2301,RUPNAGAR
2,39,830,BARSAPARA
2,50,980,BELTOLA
3,74.5,991,NALAPARA
3,75,951,DISPUR
3,60,1150,PANJABARI
2,33,650,KAHILIPARA
3,53,1000,VIP ROAD
3,51.1,1089,JALUKBARI
3,83,1463,BORSOJAI
4,137,2180,BHANGAGARH
2,55,1175,SIX MILE
2,46.2,1123,JYOTIKUCHI
3,55,1080,LAL GANESH
3,77.9,1320,BHANGAGARH
3,68.9,941,KHANAPARA
3,60.8,1350,KAHILIPARA
3,76.5,1700,KAHILIPARA
2,55,1200,ULUBARI
3,54.1,1144,GOTANAGAR
3,72,876,HATIGAON
4,110,1550,KAHILIPARA
3,77.9,1320,BHANGAGARH
3,45,1000,LOKHRA
3,66,1000,BHANGAGARH
2,42.4,707,BAGHARBARI
3,55.3,870,GARCHUK
3,52.1,868,BAGHARBARI
3,57.8,876,LOKHRA
3,58.2,884,LOKHRA
2,55.1,1125,PANJABARI
3,74.4,1371,BELTOLA
2,59.1,832,BELTOLA
3,61.5,1446,SARUSAJAI
3,68,1651,LOKHRA
3,57.7,905,PANJABARI
4,1005,1600,ZOO ROAD
3,65.5,858,PANJABARI
3,55,1300,SIX MILE
1,21.1,587,LOKHRA
4,115,1828,BORSOJAI
2,65,1214,SILPUKHURI
3,54.8,960,BELTOLA
1,24,534,KHANAPARA
4,105,1900,ZOO TINIALI
2,40,889,KHANAPARA
3,50,1100,KHANAPARA
3,54,1194,KHANAPARA
3,55,1204,KHANAPARA
3,66.2,1278,KHANAPARA
3,47,1370,JAYANAGAR
3,66.3,853,PANJABARI
3,66.9,1293,KHANAPARA
3,69.2,1338,KHANAPARA
3,69.9,1352,KHANAPARA
2,58.5,780,BELTOLA
1,35.1,665,JALUKBARI
1,36.3,690,JALUKBARI
2,47.6,925,JALUKBARI
2,48.3,940,JALUKBARI
2,48.7,950,JALUKBARI
3,92,2000,GUWAHATI
2,41.7,1043,MALIGAON
3,78,1300,CHRISTIAN BASTI
3,105,1570,GUWAHATI
4,90,1450,AMBIKAGIRINAGAR
4,105,1400,NARIKAL BARI
2,51.9,1020,JALUKBARI
2,52.5,1035,JALUKBARI
2,53.2,1050,JALUKBARI
3,55.7,1100,JALUKBARI
3,64.2,1290,JALUKBARI
3,65.9,1330,JALUKBARI
3,70,1420,JALUKBARI
1,24,540,KHANAPARA
2,40,800,KAHILIPARA
3,74.4,1369,BELTOLA
3,45.1,1252,LOKHRA
3,50.1,1100,KHANAPARA
3,54.1,1194,KHANAPARA
3,55.1,1204,KHANAPARA
3,45,850,SIX MILE
2,36.1,1003,LOKHRA
3,58.9,1280,LALMATI
3,55,1000,SIX MILE
3,63.9,1310,VIP ROAD
3,53.1,853,LANKESHWAR
3,38,700,KAHIKUCHI
3,68.1,1393,KAHILIPARA
3,70.7,1437,KAHILIPARA
2,56.4,698,KAHILIPARA
2,45.9,644,JALUKBARI
3,67,1293,KHANAPARA
3,69.2,1338,KHANAPARA
3,70,1290,CHANDMARI
4,95.9,1869,KHANAPARA
3,69.9,1352,KHANAPARA
3,82.2,1597,KHANAPARA
3,48.1,920,SATGAON
3,83.1,1614,KHANAPARA
3,85,1300,VIP ROAD
2,52.2,1015,KAHILPARA
2,52.8,1029,KAHILPARA
3,67,1344,KAHILPARA
3,68.7,1383,KAHILPARA
3,75.1,1525,KAHILPARA
3,47,960,JALUKBARI
3,67,1000,CHANDMARI
3,75.4,1530,KAHILPARA
3,75.8,1540,KAHILPARA
3,49,920,LAL GANESH
2,47.3,1050,GHORAMARA
3,66,1100,LACHIT NAGAR
4,100,2400,CHANDMARI
3,67,1375,VIP ROAD
2,53.8,800,PATOR KUCHI
3,54.8,1174,PANJABARI
2,40.7,860,PANJABARI
3,53.8,1222,BETKUCHI
3,49,1114,BETKUCHI
3,90.7,1930,BETKUCHI
3,60.5,1210,BETKUCHI
3,54,1280,KAHILIPARA
3,53,1000,KAHILIPARA
3,55,1249,BETKUCHI
3,170,2900,BELTOLA
3,53.8,1222,BETKUCHI
3,90.8,1930,BETKUCHI
4,132,2646,BETKUCHI
4,132,2646,BETKUCHI
3,67.5,1265,BAGHARBARI
2,38.3,850,KAHILIPARA
2,48,700,KAMAKHYA NAGAR
2,32,43,DHARAPUR
3,52,1000,HATIGAON
3,60,1100,VIP ROAD
3,67.7,1353,KHANAPARA
3,71.2,1582,DHIRENPARA
3,85.8,1650,BIRUBARI
3,74.2,1400,LALMATI
3,95,1320,KALA PAHAR
3,55.5,1050,VIP ROAD
2,38.3,850,SIX MILE
3,92,1240,GUWAHATI
1,23.4,498,BETKUCHI
2,37.9,861,BETKUCHI
2,37.9,861,BETKUCHI
3,55,1249,BETKUCHI
3,50,1020,GANDHI BASTI
4,91.2,2263,LOKHRA
3,99.4,1775,GANESHGURI
3,84,1250,BASISTHA
3,52,966,BARSAPARA
3,78,1325,PATOR KUCHI
2,58.2,1163,LAL GANESH
2,52.3,1045,BELTOLA
3,63.5,1270,BELTOLA
3,70,1357,BORSOJAI
3,88.2,1521,RAJGARH ROAD
3,35,800,MALIGAON
3,63.6,1380,KAHILIPARA
4,70.6,1411,LAL GANESH
2,42.6,1120,JALUKBARI
3,49.4,1300,JALUKBARI
3,65,1400,RUKMINI GAON
2,43.7,600,PATOR KUCHI
2,38.6,1015,JALUKBARI
2,45,1000,BORBARI
2,39.1,911,KHANAPARA
4,95,1700,DOWNTOWN
3,55,950,SIX MILE
2,40,800,BHETAPARA
2,49.3,660,BHANGAGARH
2,35,850,MALIGAON
2,35,700,LAL GANESH
3,115,1400,SIX MILE
3,44.1,1158,KHANAPARA
3,65,1000,DOWNTOWN
2,28,600,HATIGAON
2,39.6,880,GARCHUK
3,65,1000,HENGRABARI
3,72.1,1030,BELTOLA
4,220,2016,RUPNAGAR
2,34,680,ODALBAKRA
3,64,955,PANJABARI
3,55,1010,JALUKBARI
4,174,2687,BELTOLA
2,33,800,GUWAHATI
3,70,1100,ZOO ROAD
3,49.5,1337,JALUKBARI
2,26,1000,KAHILIPARA
2,39.1,911,KHANAPARA
3,44.5,1201,KHANAPARA
3,44.6,1201,KHANAPARA
3,44.6,1201,KHANAPARA
3,44,1158,KHANAPARA
3,44.1,1158,KHANAPARA
3,70,1260,PANDU
3,83.4,1525,KAHILIPARA
2,60,850,SURVEY
2,59,1200,SARUSAJAI
2,52.5,950,BHETAPARA
3,60.5,1150,VIP ROAD
3,45,1000,JYOTIKUCHI
2,31,900,DISPUR
2,36.2,812,NOONMATI
3,57.9,890,ADABARI
3,75,1312,DHARAPUR
4,90,2400,GOTANAGAR
3,74.1,1484,BELTOLA
3,67,1000,PALTAN BAZAAR
2,48.8,1161,KAHILIPARA
2,50,640,LOKHRA
3,75,2500,LOKHRA
2,43.2,900,BELTOLA
3,67.7,969,BHETAPARA
3,65,1100,BELTOLA
2,55,1180,GEETANAGAR
3,75,1140,BHANGAGARH
3,100,1378,GS ROAD
3,95,955,KAHILPARA
3,58.8,1306,GARCHUK
3,46.9,835,JALUKBARI
3,55.7,761,JALUKBARI
3,56.5,1195,GANESHGURI
3,70.3,1070,BAMUNIMAIDAM
2,50,760,LACHIT NAGAR
2,36,650,GOTANAGAR
2,42,800,HATIGAON
2,45,620,HATIGAON
2,72,838,BORSOJAI
3,59.8,882,BELTOLA
3,69,1456,VIP ROAD
3,88,1350,BELTOLA
2,51,914,KAHILIPARA
3,148,2188,ZOO ROAD
3,55,895,JALUKBARI
2,55,850,BELTOLA
1,23.4,498,BETKUCHI
3,88,1600,SIX MILE
2,55,973,KAHILIPARA
3,46,1050,GOTANAGAR
3,72.1,1067,BELTOLA
3,83.4,1529,KAHILIPARA
3,63,1400,SIX MILE
2,43,870,GOTANAGAR
2,53,900,LAL GANESH
2,49.7,994,KAHILIPARA
2,52.3,1028,KAHILIPARA
3,95,1500,BHETAPARA
3,50,882,LAL GANESH
3,61,1311,SIX MILE
3,60,1050,GHORAMARA
3,61.2,895,BELTOLA
3,63.4,819,PANJABARI
3,62,915,PANJABARI
2,56.8,904,GEETANAGAR
2,52.8,1056,KHANAPARA
2,55.1,1002,ZOO ROAD
3,49,1000,PANJABARI
4,74.7,1661,KAHILIPARA
2,45,900,DOWNTOWN
3,48,1000,BELTOLA
3,60.9,1449,KAHILIPARA
3,45,1050,JANAKPUR
3,98.5,1058,RUKMINI GAON
3,49,1114,BETKUCHI
3,60.5,1210,BETKUCHI
2,37,850,SATGAON
3,50,1100,SATGAON
3,45,1000,SATGAON
2,42,980,KAHILIPARA
2,50.7,860,BHANGAGARH
3,61.8,948,ULUBARI
2,58.8,1130,BIRUBARI
3,105,1681,KAHILPARA
3,52,1055,JALUKBARI
3,50,1200,SIX MILE
3,66.2,1278,KHANAPARA
2,58.2,1140,BELTOLA
3,68,900,DISPUR
3,60,1100,CHANDMARI
4,170,2880,BELTOLA
3,60,1510,NARENGI TINALI
3,75,1400,RUKMINI GAON
3,50,1280,PATHAR QUARRY
6,195,2700,GUWAHATI
1,23.7,453,JALUKBARI
4,74.3,1069,KAHILIPARA
3,53.9,782,KAHILIPARA
3,51.8,949,JALUKBARI
2,40.8,795,JALUKBARI
2,41.6,741,JALUKBARI
2,40.7,872,KAHILIPARA
2,33.8,685,LOKHRA
3,45.3,918,LOKHRA
3,56.6,1011,DOWNTOWN
1,19.2,320,DOWNTOWN
2,40.8,780,DOWNTOWN
3,52.5,861,LOKHRA ROAD
2,48.2,738,BHASKAR NAGAR
4,69.9,1080,BHASKAR NAGAR
3,59.4,929,BHASKAR NAGAR
1,18.5,300,BARSAPARA
3,60.8,1015,HATIGAON
2,48.5,730,ULUBARI
3,59.6,1018,LAKHIMI NAGAR
3,63.6,1158,HATIGAON
3,52.7,980,HATIGAON
3,60.6,1090,HATIGAON
2,33.5,700,JYOTIKUCHI
1,16.9,350,JYOTIKUCHI
2,29.2,670,JYOTIKUCHI
1,18.2,380,JYOTIKUCHI
2,44.6,793,LAL GANESH
2,43,764,LAL GANESH
2,39.7,706,LAL GANESH
3,51.8,980,BHASKAR NAGAR
2,44.4,825,BHASKAR NAGAR
3,53.3,1110,SAWKUCHI
2,37.4,661,BIRUBARI
3,51.6,834,LOKHRA
2,37.2,700,LOKHRA
3,55,1400,AZARA
3,118,1914,RUPNAGAR
3,120,1949,RUPNAGAR
4,90,1545,GANESHGURI
2,39,911,KHANAPARA
3,57.8,1445,JYOTI NAGAR
3,73.9,1355,MANPARA
3,80.3,1495,MANPARA
4,155,1700,REHABARI
3,75,1280,VIP ROAD
3,65.8,1170,KAHILIPARA
3,56.1,980,DHIRENPARA
3,69.6,1217,DHIRENPARA
2,46.2,886,PANJABARI
3,67,1210,PANJABARI
3,104,1613,ATHGAON
3,65,900,VIP ROAD
3,98.5,1440,RUKMINI GAON
3,55,1038,JALUKBARI
3,37,924,KAHIKUCHI
3,42.2,945,DHARAPUR
2,28.1,695,KAHIKUCHI
3,46.6,1068,KAHIKUCHI
3,47,934,DHARAPUR
2,32.5,708,DHARAPUR
2,33.2,683,KAHIKUCHI
3,40.9,935,DHARAPUR
2,27.3,640,KAHIKUCHI
3,38.8,797,DHARAPUR
3,42.7,1052,KAHIKUCHI
2,36,708,DHARAPUR
2,27.4,585,KAHIKUCHI
3,52.5,1250,LOKHRA ROAD
2,59.9,1248,GS ROAD
2,39,1000,BASISTHA
3,67.4,1170,NALAPARA
2,49.4,720,SIX MILE
3,65.1,1065,LALMATI
2,35,800,LANKESHWAR
2,40,710,NOONMATI
3,58.3,1056,DHARAPUR
3,63.6,851,BHANGAGARH
2,34.7,913,LOKHRA
2,52,1020,BHETAPARA
2,55,943,HATIGAON
3,85,1700,ZOO ROAD
3,50.6,1100,BARSAPARA
3,62.7,829,HATIGAON
3,80,1240,CHANDMARI
3,48.2,1203,LANKESHWAR
3,31.9,840,AHOM GAON
3,49.5,1250,BETKUCHI
3,51.5,1125,DAKHINGAON
3,58.4,1254,HENGRABARI
3,56,1200,KALA PAHAR
4,90.2,1800,NARIKAL BARI
3,94.7,987,KUMARPARA
3,59.3,899,GARCHUK
4,127,1877,KALA PAHAR
2,50.7,736,BELTOLA
3,50,1023,DWARAKA NAGAR
3,77.5,1240,BELTOLA
3,70,974,BAMUNIMAIDAM
2,54,610,UZAN BAZAR
3,83.1,1005,ZOO ROAD
3,51.8,909,JALUKBARI
3,42.1,584,JALUKBARI
3,86.2,1022,DISPUR
3,74,909,BELTOLA
3,59.2,924,GOTANAGAR
3,89.9,1136,LAL GANESH
3,68.3,890,ADABARI
3,78.3,1036,UZAN BAZAR
3,62.3,852,JALUKBARI
3,73.5,965,ZOO ROAD
3,68.3,973,GANESHGURI
3,52,755,MALIGAON
3,51.4,989,BIRUBARI
3,76.2,1354,GEETANAGAR
4,126,2353,GEETANAGAR
3,57.8,1242,GANESHPARA
3,74.6,1440,PANJABARI
3,74.7,1494,ZOO ROAD
3,74.7,1493,ZOO ROAD
3,72,1500,LAL GANESH
3,72,1500,LAL GANESH
3,53,1315,JYOTIKUCHI
3,52,1291,JYOTIKUCHI
3,48,1185,JYOTIKUCHI
2,42,1021,JYOTIKUCHI
4,95.1,1868,KHANAPARA
2,60,720,REHABARI
3,47.6,1252,GARCHUK
3,83.4,1525,KAHILIPARA
2,86.6,1369,ZOO ROAD
3,69.9,1308,BELTOLA
3,77.2,1103,DISPUR
2,42.9,647,JALUKBARI
3,41.6,643,LANKESHWAR
3,74.5,878,BIRUBARI
3,70.5,831,JATIA
3,68.6,928,SIX MILE
3,119,1175,ULUBARI
3,81.2,1429,KAHILPARA
3,61.3,793,BEHARBARI CHARIALI
3,95,955,ADABARI
3,75.4,855,SIX MILE
3,146,1262,ZOO ROAD
3,45.9,851,DHIRENPARA
3,55.9,974,JALUKBARI
1,20.8,362,JALUKBARI
3,52,1250,DHARAPUR
3,55,1300,GHORAMARA
3,55,1300,GHORAMARA
2,45.6,912,KAHILIPARA
2,33.6,661,JYOTIKUCHI
3,55.6,980,LOKHRA ROAD
3,45.4,843,GANDHI BASTI
2,36.4,675,GANDHI BASTI
3,55.1,955,KALA PAHAR
3,56.2,973,KALA PAHAR
2,34.3,602,BELTOLA
3,63.6,989,PANJABARI
3,57.4,877,BISHNUPUR
3,45.7,866,DAKHINGAON
3,53.9,1100,SIX MILE
3,43.8,793,JYOTIKUCHI
2,35.2,656,JYOTIKUCHI
2,43.5,782,PANJABARI
2,38.7,720,GANDHI BASTI
2,45.5,698,ADABARI
3,75,1140,LACHIT NAGAR
3,64.3,1100,BAGHARBARI
3,45.3,1245,NALAPARA
3,52,900,LAL GANESH
2,49,710,NOONMATI
2,53.6,890,HATIGAON
3,72.8,1185,HATIGAON
3,72.8,1180,BELTOLA
2,53.6,890,BELTOLA
3,66.3,1020,BELTOLA
3,65,1200,BAMUNIMAIDAM
2,51.4,922,JATIA
2,41.2,741,ODALBAKRA
2,42.1,709,ODALBAKRA
3,54.5,1000,LAL GANESH
2,51.8,920,LOKHRA
3,63.8,1074,BAMUNIMAIDAM
3,87.8,1170,BHETAPARA
3,59.8,1088,KAHILIPARA
3,53,952,JANAKPUR
3,69.3,951,VIP ROAD
3,86.9,996,KHARGHULI HILLS
4,126,1440,GEETANAGAR
3,94.1,1420,ZOO ROAD
3,50.7,1126,KHANAPARA
3,49.5,920,MALIGAON
3,96.6,1103,CHANDMARI
2,38.9,738,LAL GANESH
2,39,781,SIX MILE
4,241,3425,REHABARI
3,85.4,1289,CHANDMARI
3,71.6,1168,JYOTI NAGAR
3,65,1143,GUWAHATI
3,42.5,1053,AZARA
3,103,1348,UZAN BAZAR
3,53.1,1328,AHOM GAON
5,169,2778,BHANGAGARH
3,65.7,1051,NAYANPUR
3,68.8,1188,BELTOLA
3,53.1,1328,GARCHUK
3,53,900,KHANAPARA
3,49.5,1175,AHOM GAON
3,67.6,1463,BORSOJAI
2,38.1,890,GARCHUK
3,51,1330,AHOM GAON
3,85,1583,GANESHGURI
2,36,950,AHOM GAON
3,70.56,1470,HENGRABARI
3,56,1317,LOKHRA
3,78,1425,LACHIT NAGAR
3,55,1170,LALMATI
2,45,1000,LALMATI
3,90,1650,NARENGI TINALI
6,250,5480,BAMUNIMAIDAM
3,45.56,1114,AHOM GAON
3,42.64,1040,JALUKBARI
3,56.3,1320,KAHILIPARA
4,122,1880,ZOO TINIALI
2,43,1020,GHORAMARA
3,55,1500,BARSAPARA
3,58.8,1400,KAHILIPARA
2,42,1050,ULUBARI
3,47,913,DHARAPUR
2,34.44,861,AHOM GAON
3,49.96,1249,AHOM GAON
4,154,2646,JALUKBARI
3,70,1320,SARANIA HILLS
3,70,1320,ULUBARI
3,97.5,1500,ULUBARI
3,57,1250,HATIGAON
3,65,1453,SIX MILE
3,67,1506,SIX MILE
3,59,1413,LOKHRA
3,55.35,1350,KAHILIPARA
3,59,1256,GANESHGURI
3,63,1045,SATGAON
3,65,1388,BHETAPARA
3,88,1400,BELTOLA
2,32,700,DISPUR
1,22.05,630,AZARA
3,62.1,1380,KAHILIPARA
3,60.65,1213,ZOO TINIALI
3,55.13,1137,BELTOLA
3,61.57,1310,CHANDMARI
3,51.87,1365,JALUKBARI
3,73,1325,BELTOLA
3,52.5,1250,LAL GANESH
2,38.11,886,KAHILIPARA
2,49.5,1100,GEETANAGAR
3,58.36,1191,KALA PAHAR
3,72,1300,HATIGAON
2,53.74,1014,CHANDMARI
2,42.75,900,BARSAPARA
3,68.83,1147,BELTOLA
2,54,1200,SARUSAJAI
3,53.78,1195,SARUMOTORIA
2,43.2,950,BASISHTA
3,72.81,1583,HENGRABARI
2,43.04,1001,NAYANPUR
3,51.98,1155,HENGRABARI
3,68,1450,GANESHGURI
4,77.5,1350,KAHILIPARA
3,59.5,1150,KAHILIPARA
2,48.33,1124,SIX MILE
2,68.1,1362,BELTOLA
3,1.5,2000,PALTAN BAZAAR
2,7,1380,SIX MILE
2,4.5,1050,SIX MILE
5,350,6080,KAHILIPARA
5,350,3800,KHANAPARA
8,250,3000,GHORAMARA
2,45,1160,LAL GANESH
8,250,4000,HATIGAON
2,5.5,1340,JYOTIKUCHI
2,5.5,1340,UZAN BAZAR
2,47,1023,BELTOLA
4,180,3000,BELTOLA
3,62.28,1384,BAGHARBARI
2,5.5,1340,TARUN NAGAR
8,250,3500,HATIGAON
3,60,1350,CHANDMARI
3,140,1560,JYOTIKUCHI
3,63,1135,GEETANAGAR
3,140,1560,JYOTIKUCHI
3,140,1560,JYOTIKUCHI
3,140,1580,JYOTIKUCHI
3,75,1551,KHANAPARA
2,56,1248,BHANGAGARH
4,125,2771,KAHILIPARA
4,117,2130,BHETAPARA
3,52.47,1166,AZARA
3,75,1430,ULUBARI
3,61.5,1230,SARANIA HILLS
3,130,2050,BHANGAGARH
3,50,1250,LOKHRA
3,65,1500,GHORAMARA
3,71,1500,KHANAPARA
3,85,1300,LALMATI
3,55,1250,JYOTIKUCHI
2,52,1100,BARBARI VILLAGE
2,32,950,KAHILIPARA
3,135,1792,ZOO TINIALI
3,64,1510,MATHGHARIA
3,75,1500,BASISHTA
3,140,2010,FATASIL AMBARI
2,40,900,KAHILIPARA
3,85,1350,REHABARI
2,4.8,1050,PALTAN BAZAAR
3,135,2010,FATASIL AMBARI
2,63,1266,LAL GANESH
3,71,1490,LAL GANESH
3,55,1150,REHABARI
3,68,1340,KALA PAHAR
4,500,3500,PALTAN BAZAAR
2,9,1250,PALTAN BAZAAR
3,5.5,1350,MALIGAON
2,5,1000,ATHGAON
3,135,1820,FATASIL AMBARI
4,250,3000,BHARALUMUKH
2,3.5,850,KALA PAHAR
2,9.6,1500,PALTAN BAZAAR
4,100,2000,PALTAN BAZAAR
2,5.5,1150,FATASIL HILLS
2,3.7,1150,KALA PAHAR
3,7.5,1250,PALTAN BAZAAR
2,4,1150,KAHILIPARA
3,135,1800,FATASIL AMBARI
2,48.38,1152,KAHILIPARA
2,55,1200,CHANDMARI
2,56.7,1134,DISPUR
3,75,1581,HATIGAON
3,61.02,1356,BAGHARBARI
3,54,1200,BAGHARBARI
1,28,800,SIX MILE
3,77,1350,MATHGHARIA
3,49.01,1181,LOKHRA
2,47,990,LALMATI
3,66,1300,GHORAMARA
2,37,800,RUKMINI GAON
2,35,800,LAL GANESH
3,79,1550,GANESHGURI
3,62,1170,KALA PAHAR
3,140,4320,DAKSHINGAON
1,32.5,660,SIX MILE
9,275,7200,BELTOLA
4,196,3200,BHANGAGARH
3,67,1200,REHABARI
2,55,1200,LACHIT NAGAR
2,48,950,GHORAMARA
1,33,650,BHETAPARA
3,50,1250,SARUSAJAI
1,27,560,LAL GANESH
2,38,750,KAHILIPARA
4,105,1778,SIX MILE
4,330,4300,SIX MILE
2,50,1280,HATIGAON
4,140,2010,CHANDMARI
3,135,2000,FATASIL AMBARI
3,135,2000,FATASIL HILLS
3,140,1860,FATASIL AMBARI
2,37,750,LOKHRA
3,52.85,983,MALIGAON
3,51,1150,SARANIA HILLS
2,47,1150,NOONMATI
6,225,3888,ZOO TINIALI
3,79,1550,NOONMATI
3,285,7200,BELTOLA
1,32,660,SIX MILE
2,74.76,1246,BHETAPARA
3,89.04,1590,BHETAPARA
5,115,5000,GHORAMARA
2,68.69,1321,GEETANAGAR
4,165,3600,HENGRABARI
2,46,1000,BHANGAGARH
2,43,850,PATOR KUCHI
3,75,1105,GHORAMARA
2,38.4,960,BASISHTA
3,54,1200,KALA PAHAR
2,49,1150,LOKHRA
3,72,1366,BAMUNIMAIDAM
3,69.85,1117,CHANDMARI
3,56.58,981,ZOO TINIALI
3,46,1150,DAKSHINGAON
3,54.2,1355,DAKSHINGAON
1,32,790,BIKASH NAGAR
2,64.81,909,CHANDMARI
3,79,1565,ZOO TINIALI
5,135,3600,SARANIA HILLS
5,130,2016,MILAN NAGAR
3,145,2050,CHANDMARI
3,77,1460,BORBARI
2,60,1087,KAHILIPARA
3,52,1195,TETELIA
3,49,945,AHOM GAON
3,55,1360,GARCHUK
3,73,1365,HENGRABARI
3,105,1855,BORMOTORIA
3,65,1450,BORMOTORIA
3,58.56,1220,HATIGAON
3,60,1330,KALA PAHAR
2,40,700,RBI COLONY
3,105,1340,TARUN NAGAR
2,40,800,BARSAPARA
3,65,1375,HENGRABARI
2,35,750,NOONMATI
3,130,1705,KHANAPARA
4,90,2600,BAMUNIMAIDAM
4,122,1850,GEETANAGAR
4,122,1860,ZOO TINIALI
2,55,950,BELTOLA
3,56,1256,LOKHRA
3,110,5000,KAHILIPARA
2,45,820,BHANGAGARH
3,98,1500,TARUN NAGAR
3,98,1800,CHRISTIAN BASTI
3,61,1100,SARUMOTORIA
2,47,770,LOKHRA
3,58,1350,DISPUR
3,73,1216,ADABARI
3,65,1350,BELTOLA
3,105,1700,DISPUR
3,60,1200,KAHILIPARA
3,72,1506,BAGHARBARI
3,80,1280,BELTOLA
4,210,2529,ZOO TINIALI
3,62,1350,CHANDMARI
3,90,1100,LOKHRA
2,62.7,1045,JAPORIGOG
3,62.05,1349,CHANDMARI
4,95,1550,ZOO TINIALI
2,55,850,BORMOTORIA
2,50,834,BASISHTA
3,73,1480,TARUN NAGAR
2,65,1000,CHRISTIAN BASTI
3,60,1400,TETELIA
2,70,1200,BHANGAGARH
3,90,1200,LACHIT NAGAR
3,65,1340,BORMOTORIA
2,50,1200,HATIGAON
2,34,989,DHARAPUR
3,110,1564,KHANAPARA
2,31,750,DISPUR
2,35,700,KALA PAHAR
3,105,1680,UZAN BAZAR
3,68.18,1165,HATIGAON
3,52.56,1073,KAHILIPARA
3,45,1400,MALIGAON
2,43,1050,LAL GANESH
2,44,1050,KAHILIPARA
3,67.5,1265,BAGHARBARI
3,130,2600,BELTOLA
3,130,2600,BELTOLA
2,45.5,850,CHANDMARI
3,66,1400,SARANIA HILLS
3,67.2,1400,BORMOTORIA
3,75,1261,KHANAPARA
3,65,1400,KHANAPARA
3,68,1325,DISPUR
3,70,1440,BAMUNIMAIDAM
3,74,1380,GANESHGURI
3,74,1400,GANESHGURI
3,72,1518,SIX MILE
3,60,930,MALIGAON
2,35,800,CHANDMARI
3,90,1450,ULUBARI
2,45,1124,BORBARI
2,45,1000,KAHILIPARA
3,70,1300,BELTOLA
1,28,650,BORMOTORIA
2,45,960,BORMOTORIA
4,80,1560,SIX MILE
4,75.92,1460,BORMOTORIA
3,67.06,1397,CHANDMARI
3,84,1680,GEETANAGAR
3,55.87,1164,LALMATI
2,68,1357,LALMATI
3,105,1400,DHARAPUR
3,42,913,AZARA
3,59,1245,BORMOTORIA
3,52,1210,MALIGAON
3,75,1312,JALUKBARI
3,60,1400,KALA PAHAR
3,50,1312,JALUKBARI
3,135,1792,ZOO TINIALI
4,155,2500,DISPUR
5,61,2100,BARSAPARA
4,100,2200,CHANDMARI
2,40,880,LAL GANESH
4,70,2042,AZARA
2,52,1100,BELTOLA
3,55,3000,GHORAMARA
3,68,1357,LALMATI
4,150,3600,BORJHAR
2,55,1200,TARUN NAGAR
4,92,2200,HENGRABARI
2,38,843,SARUSAJAI
2,38,843,SARUSAJAI
2,62.5,1040,KHANAPARA
3,71,1340,KHANAPARA
3,78,1353,RUKMINI GAON
3,45,1500,CHRISTIAN BASTI
9,570,6000,RUKMINI GAON
1,21.5,455,LAL GANESH
1,21.5,455,LAL GANESH
3,42,1200,KAHILIPARA
2,35,800,DHIRENPARA
3,34.98,1060,AZARA
2,28.45,854,DHARAPUR
3,58,1400,ULUBARI
2,46.46,1056,LAL GANESH
2,53.1,1180,KHANAPARA
3,68,1390,PATHAR QUARRY
3,55,1264,BAMUNIMAIDAM
2,51.98,1155,KHANAPARA
3,76.25,1650,KHANAPARA
3,51.75,1150,BORMOTORIA
3,45.38,948,BORJHAR
3,56.38,1170,KAHILIPARA
3,41.53,932,LOKHRA
3,67.72,1477,BHETAPARA
3,80.6,1550,GANESHGURI
3,61.2,1360,LAL GANESH
3,61.36,1180,BELTOLA
3,59.99,1350,KALA PAHAR
3,75,1500,BHANGAGARH
3,51.6,1200,GANESHGURI
3,50,1100,KALA PAHAR
2,50,1150,KAHILIPARA
4,180,2681,BELTOLA
3,58,1216,BORBARI
3,67,1387,BORBARI
3,55,1350,HATIGAON
2,48,1250,BARBARI VILLAGE
2,48,1150,KAHILIPARA
3,62.1,1350,HATIGAON
1,20,450,KAHILIPARA
3,50.28,1125,GARCHUK
3,55.76,1360,AHOM GAON
3,48,1250,JYOTIKUCHI
3,51.18,1147,GARCHUK
3,49.17,1098,GARCHUK
3,53.47,1203,GARCHUK
3,54.4,1360,GARCHUK
3,48,1200,LOKHRA
2,32.6,930,GARCHUK
3,90,1500,TARUN NAGAR
3,70,1344,SIX MILE
2,39.5,1000,KAHILIPARA
3,31,1182,AZARA
3,45,1260,AHOM GAON
2,37,850,MALIGAON
2,41,950,ADABARI
3,75,1450,BELTOLA
3,58,1245,SIX MILE
3,54,1150,BELTOLA
3,48,1850,BORMOTORIA
2,36,1250,JALUKBARI
7,250,5480,NOONMATI
3,46,1350,LOKHRA
3,95,1563,BHANGAGARH
3,96,1650,GANESHGURI
3,98,1700,GANESHGURI
2,40,852,SIX MILE
2,45,900,BORBARI
3,62,1600,KHANAPARA
2,48,1100,GEETANAGAR
3,55,1300,LOKHRA
3,67,1080,DISPUR
2,40,1000,HATIGAON
3,58,1200,BHANGAGARH
3,54.28,1188,FATASIL AMBARI
3,62,1300,SONAIGHULI
3,65,1300,DISPUR
2,46,900,SIX MILE
3,57,1250,JALUKBARI
3,46,1315,LOKHRA
3,52,1300,LOKHRA
2,44,900,SIX MILE
3,80,1740,NARENGI TINALI
3,56.63,1385,AHOM GAON
3,52.08,1085,LAL GANESH
2,44,902,HATIGAON
3,62,1387,BASISHTA
3,90,2250,RUKMINI GAON
2,44,1050,SIX MILE
3,105,1726,CHRISTIAN BASTI
2,43,981,GARCHUK
3,52.26,1270,AHOM GAON
3,45,1250,MALIGAON
2,44,902,HATIGAON
3,65,1352,HATIGAON
2,41,1078,LOKHRA
2,47,1000,HATIGAON
2,42,770,BELTOLA
3,53,1360,AHOM GAON
2,45,1600,HATIGAON
2,45,1100,NARENGI TINALI
2,41,1000,HATIGAON
3,85.3,1741,SIX MILE
2,46.55,1058,HATIGAON
3,60,1200,KALA PAHAR
3,51.18,1147,GARCHUK
3,49.17,1098,GARCHUK
3,53.47,1203,GARCHUK
3,50.28,1125,GARCHUK
3,47,1167,BORMOTORIA
3,65,1600,DHARAPUR
3,40,1200,HATIGAON
2,57.5,1050,BIRUBARI
2,45,1040,JALUKBARI
2,43.5,990,LALMATI
3,45,2200,BAMUNIMAIDAM
2,45,1050,REHABARI
3,65,1400,KAHILIPARA
3,65,1700,BARBARI VILLAGE
3,85,1400,ZOO TINIALI
3,75,1468,TARUN NAGAR
1,35,650,ZOO TINIALI
2,40,1080,LAL GANESH
3,115,1668,SILPHUKURI
2,48,1056,SIX MILE
3,81.6,1360,BORMOTORIA
6,210,5184,KHANAPARA
3,82,1483,SIX MILE
2,45,1050,GARCHUK
3,68,1283,ZOO TINIALI
4,298,3970,DISPUR
4,117,2345,LAL GANESH
3,62,1200,GEETANAGAR
3,147,1965,DISPUR
3,91.8,1985,TARUN NAGAR
3,55.9,1300,REHABARI
2,80.6,1240,SARUSAJAI
2,49.05,1001,REHABARI
3,85,1522,BELTOLA
3,57.5,1250,JALUKBARI
3,57.5,1250,JALUKBARI
3,54.28,1180,JALUKBARI
3,81.28,1950,KAHILIPARA
4,86.56,2200,UZAN BAZAR
3,61.36,1321,BELTOLA
3,74,1770,BORMOTORIA
3,65.4,1690,BARBARI VILLAGE
3,76.86,1695,SARANIA HILLS
3,65.85,1400,JALUKBARI
4,72,1810,BORJHAR
4,81,1685,NOONMATI
4,81.3,1840,LOKHRA
3,71.35,1695,SARANIA HILLS
4,104,2285,TARUN NAGAR
3,55.3,1400,JALUKBARI
3,38.53,948,BORJHAR
3,51.43,778,DHARAPUR
4,84.55,1948,BORJHAR
3,61.53,1323,DHARAPUR
3,62.28,1450,DHARAPUR
3,39,1150,SIX MILE
3,71.53,1560,HATIGAON
4,78.66,1958,NARIKAL BARI
4,91.53,2350,DHARAPUR
4,74.56,1958,NARIKAL BARI
1,24.75,450,JALUKBARI
2,36,850,KALA PAHAR
2,52,1000,ADABARI
3,60,1150,CHANDMARI
2,48.14,1003,REHABARI
2,38.5,800,LALMATI
2,66.02,1179,SREE NAGAR
3,82.6,1475,SREE NAGAR
3,65.38,1391,SIX MILE
2,60,1000,CHENIKUTHI
2,47,950,KALA PAHAR
2,43,890,TETELIA
3,52,1200,LAL GANESH
1,18,374,TETELIA
3,54.92,1144,TETELIA
2,55,1000,NOONMATI
2,48,1015,SARANIA HILLS
2,46.06,940,KHANAPARA
3,98.46,1641,LAL GANESH
2,64.6,1292,BORMOTORIA
3,75,1478,BAMUNIMAIDAM
3,180,1500,PATOR KUCHI
2,47,980,ULUBARI
4,117,2345,LAL GANESH
3,42,950,LAL GANESH
3,100,1627,UZAN BAZAR
3,63.36,1408,BORBARI
5,170,4000,SARANIA HILLS
3,65,1350,BORMOTORIA
3,66,1300,ZOO TINIALI
3,70,2880,JALUKBARI
2,40.59,990,GARCHUK
3,103,1775,SIX MILE
1,24,500,KALA PAHAR
3,45,900,KALA PAHAR
3,11.11,1111,BELTOLA
1,20.25,450,LAL GANESH
2,42.3,940,LAL GANESH
3,66.75,1375,BARSAPARA
3,62.16,1000,KALA PAHAR
2,39.99,850,KALA PAHAR
2,59.7,995,BORBARI
3,64.86,1380,BHETAPARA
2,37,900,DHARAPUR
3,6,1000,DISPUR
3,59.85,1151,LACHIT NAGAR
3,67.44,1297,LACHIT NAGAR
3,74.1,1425,LACHIT NAGAR
3,55.62,1236,BELTOLA
3,65,1390,SIX MILE
3,65,1450,BELTOLA
3,111,2014,MACHKHOWA
3,67.2,1200,CHRISTIAN BASTI
4,60,1450,DHIRENPARA
1,31.6,800,SIX MILE
3,67.5,1350,LAL GANESH
4,120,2300,KHANAPARA
2,26,750,KALA PAHAR
4,81,1800,KALA PAHAR
2,45,1031,LOKHRA
2,50,1100,SIX MILE
3,43,1120,BARSAPARA
2,37,885,DHARAPUR
3,122,1754,ULUBARI
3,45,1127,KHANAPARA
3,75,1575,ZOO TINIALI
1,300,7000,SIX MILE
4,65,1800,KAHILIPARA
3,70,1480,BELTOLA
2,38,843,SARUSAJAI
2,39.5,1250,AZARA
2,50,1050,CHANDMARI
3,55,1350,SIX MILE
2,67,1250,GEETANAGAR
3,70,1250,SIX MILE
2,56.4,1200,CHANDMARI
3,67.85,1297,LACHIT NAGAR
3,96.52,1670,BELTOLA
2,38,843,SARUSAJAI
3,63,1450,CHANDMARI
3,63,1360,KAHILIPARA
3,67,1410,KAHILIPARA
3,58.95,1310,LAL GANESH
3,54,1200,LAL GANESH
2,44.1,900,ADABARI
3,64.13,1210,BORMOTORIA
3,79,1580,LOKHRA
3,78.1,1502,HATIGAON
2,39.24,853,JALUKBARI
3,77.5,1550,BORBARI
2,42.57,990,SIX MILE
3,58.5,1300,LAL GANESH
3,77.91,1590,SIX MILE
3,90,1500,DIGHOLI PUKHURI
3,54.45,1210,LAL GANESH
3,69.43,1310,BORMOTORIA
3,60.95,1150,BORMOTORIA
3,98.53,1670,BELTOLA
3,97.35,1650,BELTOLA
3,61.88,1375,SIX MILE
2,55,1150,NARENGI TINALI
4,45,1732,SATGAON
1,30,730,DHARAPUR
2,43,960,JALUKBARI
2,25,1440,KAHILIPARA
2,36.32,995,BIKASH NAGAR
2,49.8,1200,DAKSHINGAON
4,138,2300,GANESHGURI
3,117,1563,KHANAPARA
4,146,2350,BORMOTORIA
1,23.4,450,LAL GANESH
2,66.37,1475,KHANAPARA
3,87.05,1741,SIX MILE
3,122,1580,LOKHRA
3,63.98,1391,SIX MILE
4,126,2800,LAL GANESH
2,46.96,999,RBI COLONY
1,22,650,LALMATI
3,80,2700,JAPORIGOG
4,79.99,1876,BELTOLA
4,80,1875,BELTOLA
3,75,1550,GANESHGURI
2,50,1057,JYOTIKUCHI
2,35,953,DHARAPUR
3,51,1200,BHETAPARA
2,59.73,1117,BELTOLA
2,43.72,965,GARCHUK
3,45.75,1250,BIKASH NAGAR
3,55.61,1264,BAMUNIMAIDAM
3,57.2,1300,BAMUNIMAIDAM
2,45.4,1056,LAL GANESH
3,65.61,1458,SIX MILE
2,39.1,850,BELTOLA
3,64,1300,JALUKBARI
3,65,1270,GANESHGURI
4,105,2000,SIX MILE
3,69,1243,UZAN BAZAR
3,82.18,1476,CHENIKUTHI
2,40,904,PATOR KUCHI
3,60,1350,BAMUNIMAIDAM
4,90,2250,BATAHGULI
2,33,953,DHARAPUR
3,67,1250,GANESHGURI
2,35,900,RUKMINI GAON
2,53,1050,LAL GANESH
4,180,2014,BELTOLA
2,50,900,NARENGI TINALI
5,240,4320,GHORAMARA
3,61,1190,KAHILIPARA
3,58.26,1369,GARCHUK
3,114,2540,GEETANAGAR
2,47.5,910,ADABARI
2,43.72,880,BELTOLA
3,65.15,1243,HATIGAON
2,40,800,BARSAPARA
3,77,1526,SIX MILE
3,57,1108,LOKHRA
3,56,1050,KAHILIPARA
3,59,1200,FATASIL AMBARI
3,57,1250,HATIGAON
3,48,1150,KAHILIPARA
3,74,1453,SIX MILE
3,55,1220,GANESHGURI
2,37.5,850,BELTOLA
2,48,1040,SIX MILE
2,42,1075,DHARAPUR
2,42,1075,AZARA
2,44,900,JALUKBARI
2,45,1100,TETELIA
3,78.8,1751,LAL GANESH
2,35,1000,KALA PAHAR
3,49,1200,KALA PAHAR
2,48,1015,ULUBARI
2,35,1000,HATIGAON
2,38,1000,LALMATI
2,38.55,1000,CHANDMARI
2,43,1060,ULUBARI
3,61.83,1389,BHETAPARA
3,120,2063,JAPORIGOG
4,120,2239,SREE NAGAR
3,82,1445,CHRISTIAN BASTI
3,101,1906,SARUSAJAI
3,79.71,1504,SARUSAJAI
4,143,2700,SARUSAJAI
3,55,1350,HATIGAON
3,80,1410,LAL GANESH
1,33,750,CHRISTIAN BASTI
5,120,3250,AZARA
2,46,1121,KAHILIPARA
3,142,1989,DISPUR
3,55,1350,HATIGAON
3,79,1494,TARUN NAGAR
2,53,1080,LOKHRA
4,90,2200,SIX MILE
1,17,500,JALUKBARI
3,51,1200,JALUKBARI
2,41,1000,JALUKBARI
3,44.8,1100,DHARAPUR
2,35.87,903,DHARAPUR
2,40,831,MALIGAON
3,53,1256,JALUKBARI
3,56,1341,GARCHUK
3,85.4,1596,DISPUR
2,45,1003,JALUKBARI
3,49,1170,LALMATI
3,56,1317,JALUKBARI
3,80,1530,BIRUBARI
3,61.5,1116,BIRUBARI
3,64.6,1435,HATIGAON
2,46,1000,SILPHUKURI
3,52.62,1203,JALUKBARI
3,57,1325,JALUKBARI
2,52,1124,SIX MILE
2,56,1230,SIX MILE
3,50,1250,LAL GANESH
3,47.5,1252,LOKHRA
3,85,1400,REHABARI
3,62,1380,BARSAPARA
3,36,850,JYOTIKUCHI
3,46,1070,LAL GANESH
4,108,2000,SIX MILE
3,50.8,1240,BAGHARBARI
3,62,1380,RUKMINI GAON
3,65,1270,GANESHGURI
2,62,1250,SIX MILE
2,63,1023,BELTOLA
2,33,850,ULUBARI
2,30,850,LACHIT NAGAR
5,875,7800,PALTAN BAZAAR
2,55,1100,LAL GANESH
3,50,1300,BHETAPARA
3,55,1150,DISPUR
3,87.5,4000,JYOTIKUCHI
2,55,1200,BELTOLA
3,67.5,1200,LAL GANESH
2,60,950,GANESHGURI
3,132,1580,LOKHRA
3,52,1200,MANIK NAGAR
2,60,950,CHRISTIAN BASTI
3,76,1250,DISPUR
2,48.87,904,CHANDMARI
3,50,1250,BATAHGULI
3,70,1224,BHANGAGARH
3,110,1800,BHANGAGARH
3,74.35,1476,LAL GANESH
3,56.75,1267,LAL GANESH
2,49.53,959,LAL GANESH
2,39.99,950,LAL GANESH
1,16.65,450,BARSAPARA
3,53,1350,HATIGAON
2,39.52,1040,BARSAPARA
2,48.9,1060,BELTOLA
3,45,1200,LALMATI
3,50,1200,LALMATI
2,44,908,SIX MILE
2,40,950,KALA PAHAR
5,125,2500,KAHILIPARA
2,47,980,ULUBARI
2,38,1000,SATGAON
3,45.6,1100,SATGAON
3,55,1200,PATOR KUCHI
4,105,2000,SIX MILE
3,97,1700,RBI COLONY
2,27.4,690,PATHAR QUARRY
3,45,1000,JAPORIGOG
3,45,1285,BAGHARBARI
3,76,1485,ZOO TINIALI
1,36.5,1000,LALMATI
2,43.83,950,GARCHUK
3,60.62,1321,GARCHUK
2,46,1103,SIX MILE
2,48,950,BELTOLA
4,77,1500,SIX MILE
3,76,1365,ZOO TINIALI
3,76,1365,ZOO TINIALI
3,70,1650,ZOO TINIALI
2,73,1200,BELTOLA
3,50,1350,PATHAR QUARRY
3,75,1220,RUKMINI GAON
2,43.57,882,KALA PAHAR
1,21,455,LAL GANESH
3,48.43,1040,JALUKBARI
3,51.62,1203,JALUKBARI
1,21,455,LAL GANESH
2,32.5,930,JALUKBARI
3,43,1220,GARCHUK
3,43,1230,GARCHUK
5,235,1600,SARUMOTORIA
3,68,1370,DISPUR
3,65,1300,GANESHGURI
2,37,900,KAHILIPARA
3,65,1288,SARANIA HILLS
4,57,1700,BELTOLA
3,52,1330,LOKHRA
2,50,1175,NARENGI TINALI
3,66,1350,JALUKBARI
2,37.5,1000,DAKSHINGAON
3,49.28,1408,KHANAPARA
3,50,1375,BAMUNIMAIDAM
4,93.22,1715,BELTOLA
3,75,1500,HATIGAON
2,37,872,KAHILIPARA
2,36,960,LAL GANESH
3,64.6,1284,GEETANAGAR
3,75,1400,SIX MILE
3,99,1990,DISPUR
1,40.56,962,AHOM GAON
2,50.02,1211,AHOM GAON
2,37,950,AHOM GAON
4,99.72,2519,AHOM GAON
3,86.61,2174,AHOM GAON
2,42.5,860,LAL GANESH
2,46.67,1123,AHOM GAON
4,160,2400,AMBARI
3,64,1030,GANESHGURI
2,31,750,LAL GANESH
4,70,1405,KAHILIPARA
5,96,2275,KAHILIPARA
3,64,1395,BASISHTA
2,43.29,902,LAL GANESH
3,65,1325,HATIGAON
3,77,1303,ZOO TINIALI
2,39,813,LAL GANESH
2,38.35,799,LAL GANESH
1,41.5,982,GARCHUK
2,50,1211,AHOM GAON
3,79,1494,TARUN NAGAR
3,75,1220,RUKMINI GAON
3,58,1200,BHANGAGARH
3,65.1,1350,DISPUR
3,78,1537,KHANAPARA
2,55,1280,BARBARI VILLAGE
2,44,904,CHANDMARI
4,88.26,1810,DISPUR
3,62,1368,KHANAPARA
3,66,1200,LACHIT NAGAR
2,32,1200,ANANDA NAGAR
1,320,7000,TARUN NAGAR
1,800,5500,ANANDA NAGAR
1,800,5000,ANANDA NAGAR
2,59.33,957,UZAN BAZAR
1,24,554,AHOM GAON
3,77,1303,ZOO TINIALI
2,37,880,PATOR KUCHI
2,44,902,HATIGAON
3,65,1325,HATIGAON
3,79,1494,TARUN NAGAR
2,40,1000,BELTOLA
3,75,1220,RUKMINI GAON
2,56,1250,LOKHRA
2,56,1250,LOKHRA
3,77,1303,ZOO TINIALI
2,37,880,PATOR KUCHI
3,79,1494,TARUN NAGAR
4,88.26,1810,DISPUR
2,48,1000,SIX MILE
3,99,3000,NORTH GUWAHATI
3,35,1700,BHASKAR NAGAR
2,60,1200,CHANDMARI
3,75,1300,GEETANAGAR
2,48,1029,LOKHRA
3,65,1300,CHANDMARI
3,72,1300,CHANDMARI
3,77,1303,ZOO TINIALI
2,37,900,DHARAPUR
4,162,3583,NOONMATI
2,55,1100,BORMOTORIA
2,47,1100,JALUKBARI
2,56,2000,DISPUR
3,250,2880,BELTOLA
2,48.59,1013,CHANDMARI
3,58,1200,BHANGAGARH
3,75,1540,BHETAPARA
3,70,1300,LACHIT NAGAR
3,70,1400,CHRISTIAN BASTI
3,58,1300,CHANDMARI
2,33,850,AZARA
4,151,2970,BELTOLA
2,58,1134,MATHGHARIA
4,146,2350,SIX MILE
2,51,1240,KHANAPARA
2,48,1150,KHANAPARA
2,56,900,BAMUNIMAIDAM
2,45,990,LALMATI
3,140,2010,CHANDMARI
2,58,1000,MALIGAON
2,47,970,ZOO TINIALI
2,52,1247,KHANAPARA
3,62,1500,KHANAPARA
2,32,800,HATIGAON
3,48,1200,MALIGAON
3,110,1800,BORBARI
3,78,1800,BHETAPARA
1,32,1000,KAHILIPARA
1,32,700,SIX MILE
2,46,920,ZOO TINIALI
9,250,5400,NARENGI TINALI
2,47,1030,DISPUR
2,30,690,SATGAON
2,31,840,DHIRENPARA
2,55,1400,ULUBARI
1,27,600,LAL GANESH
2,50,1200,HENGRABARI
3,55,1200,BAMUNIMAIDAM
4,130,1750,SIX MILE
3,61,1600,BORMOTORIA
3,65,1500,RUKMINI GAON
3,60,1250,HENGRABARI
3,55,1400,GEETANAGAR
2,55,1200,HENGRABARI
2,47,950,CHRISTIAN BASTI
3,45,1375,CHANDMARI
4,70,1982,JALUKBARI
3,65,1290,HENGRABARI
2,43,950,DHARAPUR
4,83,1900,BASISHTA
3,50,1200,BHETAPARA
3,46,1170,BAGHARBARI
3,67,1218,PALTAN BAZAAR
2,45,1050,DISPUR
3,117,1563,KHANAPARA
2,45,1000,BAGHARBARI
3,70,2300,CHANDMARI
3,95,1450,CHANDMARI
3,108,1666,MACHKHOWA
2,32,1000,KAHILIPARA
2,36,1085,NARENGI TINALI
4,138,2300,ZOO TINIALI
2,52,1056,MALIGAON
3,116,2100,KAHILIPARA
3,73,1250,ULUBARI
3,52.5,1250,LAL GANESH
3,80.6,1550,ZOO TINIALI
2,30,750,LALMATI
3,55.61,1264,BAMUNIMAIDAM
3,57.2,1300,BAMUNIMAIDAM
3,53.16,1320,DAKSHINGAON
5,90,2200,DISPUR
3,45.75,1250,BIKASH NAGAR
2,36.32,995,GHORAMARA
3,75,1481,LALMATI
2,48.57,1056,KHANAPARA
3,83.6,1520,BIRUBARI
3,70,1669,SARUSAJAI
3,68.67,1635,SARUSAJAI
2,56,1274,DHIRENPARA
3,64.4,1370,BHETAPARA
3,36,850,JYOTIKUCHI
2,43.72,965,GARCHUK
3,65,1375,LALMATI
2,43,860,DISPUR
3,60.2,1400,BORMOTORIA
3,58.1,1450,GANESHGURI
